,0,1,2,3,4,5,6,7,8,9,10,11,Loan_Status
0,-1.7273377354107429,0.4854793875029462,0.7583582900828203,-0.7582219937826586,-0.5448116995677182,-0.3348450568863338,0.18646050388801308,-0.6733351095163024,-0.42677996403325036,0.26602206531617995,0.43767389864880185,1.1187637872164238,0.3608465328948279
1,-1.7178987313921048,0.4854793875029462,0.7583582900828203,0.1818708160762458,-0.5448116995677182,-0.3348450568863338,-0.3526922503373718,-0.029848207177513117,-0.1639533307030725,0.26602206531617995,0.43767389864880185,1.1187637872164238,0.3074478091916876
2,-1.708459727373467,0.4854793875029462,0.7583582900828203,1.1219636259351504,-0.5448116995677182,-0.3348450568863338,0.039641296988513416,0.09884917329024473,1.183033165114089,0.26602206531617995,0.43767389864880185,1.1187637872164238,0.24431619131883353
3,-1.699020723354829,0.4854793875029462,0.7583582900828203,1.1219636259351504,-0.5448116995677182,-0.3348450568863338,-0.5027741062790826,0.4188766593867359,-0.5910466098646115,0.26602206531617995,0.43767389864880185,1.1187637872164238,0.30716178341551625
4,-1.689581719336191,0.4854793875029462,-1.3186379223081877,-0.7582219937826586,1.835496559257908,-0.3348450568863338,-0.31190913730973296,-0.6733351095163024,-0.9524332306936062,0.26602206531617995,0.43767389864880185,1.1187637872164238,0.03853433118233608
5,-1.680142715317553,0.4854793875029462,0.7583582900828203,-0.7582219937826586,1.835496559257908,2.986455912770004,-0.5384593301782665,0.7946730103525889,0.26313994845846655,0.26602206531617995,0.43767389864880185,1.1187637872164238,0.07263253018348376
6,-1.6707037112989152,-2.0598196869767857,-1.3186379223081877,0.1818708160762458,1.835496559257908,-0.3348450568863338,-0.5260204807048366,-0.6733351095163024,-1.2645398577731923,0.26602206531617995,0.43767389864880185,-0.09598860896235581,0.05165236921993518
7,-1.6612647072802773,0.4854793875029462,0.7583582900828203,1.1219636259351504,1.835496559257908,-0.3348450568863338,-0.18854022040112564,-0.6733351095163024,0.181006625542786,0.26602206531617995,-2.2848061149801855,-1.3107410051411352,-1.3314765748177044
8,-1.6518257032616392,0.4854793875029462,0.7583582900828203,1.1219636259351504,-0.5448116995677182,-0.3348450568863338,1.800044370826542,-0.6733351095163024,2.3657530150998896,-1.5924188859091635,0.43767389864880185,1.1187637872164238,0.2815795986207361
9,-1.6423866992430014,0.4854793875029462,-1.3186379223081877,-0.7582219937826586,1.835496559257908,-0.3348450568863338,-0.4905391723707909,0.35624393422576045,-0.21323332445248086,0.26602206531617995,0.43767389864880185,-0.09598860896235581,-0.1053383022774063
10,-1.6329476952243633,0.4854793875029462,-1.3186379223081877,-0.7582219937826586,1.835496559257908,-0.3348450568863338,-0.34963351686029887,-0.6733351095163024,-0.7553132556959727,0.26602206531617995,0.43767389864880185,1.1187637872164238,0.030332152004077143
11,-1.6235086912057255,0.4854793875029462,0.7583582900828203,0.1818708160762458,-0.5448116995677182,-0.3348450568863338,-0.5343810188755026,-0.022984346885899367,0.42740659428982775,0.26602206531617995,0.43767389864880185,-0.09598860896235581,0.24191121368201282
12,-1.6140696871870874,0.4854793875029462,-1.3186379223081877,2.0620564357940547,-0.5448116995677182,-0.3348450568863338,-0.13042428433674036,-0.6733351095163024,-1.5766464848527786,-2.521639361521835,0.43767389864880185,1.1187637872164238,0.2783701060753146
13,-1.6046306831684496,0.4854793875029462,0.7583582900828203,1.1219636259351504,-0.5448116995677182,-0.3348450568863338,1.5023276457247787,-0.6733351095163024,0.4931132526223722,0.26602206531617995,-2.2848061149801855,-0.09598860896235581,-1.1478640029553524
14,-1.5951916791498117,-2.0598196869767857,-1.3186379223081877,-0.7582219937826586,-0.5448116995677182,-0.3348450568863338,-0.02846650176764337,-0.6733351095163024,-0.19680665986934473,0.26602206531617995,0.43767389864880185,-0.09598860896235581,0.137938130795509
15,-1.5857526751311737,0.4854793875029462,-1.3186379223081877,0.1818708160762458,-0.5448116995677182,-0.3348450568863338,0.1756529789356888,-0.6733351095163024,-0.0818200077873919,0.26602206531617995,0.43767389864880185,1.1187637872164238,0.15428317189323806
16,-1.5763136711125358,0.4854793875029462,0.7583582900828203,1.1219636259351504,-0.5448116995677182,-0.3348450568863338,-0.04539149367411347,0.5776034286303039,1.0516198484490002,0.26602206531617995,0.43767389864880185,1.1187637872164238,0.22303180301406939
17,-1.5668746670938978,0.4854793875029462,0.7583582900828203,2.0620564357940547,-0.5448116995677182,-0.3348450568863338,-0.20791219908925407,-0.5304810171970912,-0.1639533307030725,0.26602206531617995,0.43767389864880185,-0.09598860896235581,0.3306722120850328
18,-1.55743566307526,0.4854793875029462,0.7583582900828203,-0.7582219937826586,-0.5448116995677182,-0.3348450568863338,0.9013884752625211,2.7225597697596013,2.694286306762612,0.26602206531617995,0.43767389864880185,1.1187637872164238,-0.011945640357809581
19,-1.5479966590566219,0.4854793875029462,-1.3186379223081877,-0.7582219937826586,-0.5448116995677182,-0.3348450568863338,-0.7148462940228043,0.8152645912274301,-0.5910466098646115,-2.521639361521835,0.43767389864880185,-0.09598860896235581,0.05946445794417029
20,-1.538557655037984,0.4854793875029462,0.7583582900828203,0.1818708160762458,1.835496559257908,-0.3348450568863338,-0.5949439417215462,0.021630745009590023,-1.4452331681876898,0.26602206531617995,0.43767389864880185,1.1187637872164238,0.23249609091865267
21,-1.5291186510193462,-2.0598196869767857,-1.3186379223081877,2.0620564357940547,1.835496559257908,-0.3348450568863338,-0.5551804065195984,-0.6733351095163024,-1.7737664598504121,-2.521639361521835,0.43767389864880185,1.1187637872164238,0.17221957972909954
22,-1.5196796470007081,0.4854793875029462,-1.3186379223081877,-0.7582219937826586,-0.5448116995677182,-0.3348450568863338,-0.1828305845772562,-0.6733351095163024,-0.5746199452814754,0.26602206531617995,0.43767389864880185,1.1187637872164238,0.16867111971942816
23,-1.5102406429820703,-2.0598196869767857,-1.3186379223081877,-0.7582219937826586,1.835496559257908,-0.3348450568863338,-0.21219442595715612,-0.6733351095163024,-0.18037999528620863,0.26602206531617995,0.43767389864880185,1.1187637872164238,0.03395791935739066
24,-1.5008016389634322,0.4854793875029462,0.7583582900828203,-0.7582219937826586,-0.5448116995677182,-0.3348450568863338,0.121207523043791,1.2056466453129622,2.530019660931251,0.26602206531617995,0.43767389864880185,1.1187637872164238,0.09196560154172162
25,-1.4913626349447944,0.4854793875029462,-1.3186379223081877,-0.7582219937826586,-0.5448116995677182,-0.3348450568863338,-0.9799365287024564,9.622455327904326,0.1974332901259221,0.26602206531617995,-2.2848061149801855,-1.3107410051411352,-2.1099282042824252
26,-1.4819236309261563,0.4854793875029462,0.7583582900828203,1.1219636259351504,-0.5448116995677182,-0.3348450568863338,-0.09025291800451614,-0.137096024233978,0.06601997346083315,0.26602206531617995,0.43767389864880185,1.1187637872164238,0.3246478314400057
27,-1.4724846269075185,0.4854793875029462,0.7583582900828203,-0.7582219937826586,-0.5448116995677182,-0.3348450568863338,0.5494302098339984,0.9353821463306706,2.283619692184209,0.26602206531617995,0.43767389864880185,1.1187637872164238,0.12880087407763696
28,-1.4630456228888804,0.4854793875029462,0.7583582900828203,-0.7582219937826586,-0.5448116995677182,-0.3348450568863338,-0.21076701700118877,-0.3159853830841614,-1.2973931869394646,0.26602206531617995,0.43767389864880185,-0.09598860896235581,0.35040548236368313
29,-1.4536066188702426,0.4854793875029462,-1.3186379223081877,-0.7582219937826586,-0.5448116995677182,-0.3348450568863338,-0.38001693606588977,0.34852209139769497,-0.18037999528620863,-2.521639361521835,0.43767389864880185,1.1187637872164238,0.11432560254971447
30,-1.4441676148516047,-2.0598196869767857,-1.3186379223081877,-0.7582219937826586,1.835496559257908,-0.3348450568863338,-0.47463375829001175,-0.6733351095163024,-1.0017132244430145,0.26602206531617995,0.43767389864880185,-0.09598860896235581,0.03872581474014238
31,-1.4347286108329667,0.4854793875029462,0.7583582900828203,1.1219636259351504,-0.5448116995677182,-0.3348450568863338,0.2945357534112559,-0.32156226957109757,0.9202065317839113,0.26602206531617995,0.43767389864880185,1.1187637872164238,0.29993295666525266
32,-1.4252896068143288,0.4854793875029462,-1.3186379223081877,-0.7582219937826586,-0.5448116995677182,-0.3348450568863338,-0.31354046183083856,0.04865719490781917,0.26313994845846655,0.26602206531617995,0.43767389864880185,-0.09598860896235581,0.042962216389545164
33,-1.4158506027956907,0.4854793875029462,0.7583582900828203,-0.7582219937826586,-0.5448116995677182,-0.3348450568863338,-0.41243951092286263,0.48837324483932515,0.3616999359572833,0.26602206531617995,0.43767389864880185,1.1187637872164238,0.2479418655030606
34,-1.406411598777053,0.4854793875029462,0.7583582900828203,-0.7582219937826586,-0.5448116995677182,-0.3348450568863338,-0.42120788022380495,-0.012259565180252879,-0.5746199452814754,0.26602206531617995,0.43767389864880185,1.1187637872164238,0.32963275837207523
35,-1.3969725947584148,0.4854793875029462,-1.3186379223081877,-0.7582219937826586,-0.5448116995677182,-0.3348450568863338,-0.3376024985171454,-0.6733351095163024,0.6573798984537333,0.26602206531617995,-2.2848061149801855,-0.09598860896235581,-1.3912944120228363
36,-1.387533590739777,0.4854793875029462,0.7583582900828203,1.1219636259351504,-0.5448116995677182,-0.3348450568863338,0.5188428750632692,1.0550707101656855,0.8052198797019584,-2.521639361521835,0.43767389864880185,1.1187637872164238,0.25169038826075946
37,-1.3780945867211392,0.4854793875029462,0.7583582900828203,-0.7582219937826586,-0.5448116995677182,2.986455912770004,-0.5176599425341707,0.5244085113702973,-0.7553132556959727,0.26602206531617995,0.43767389864880185,1.1187637872164238,0.29610120381737104
38,-1.368655582702501,0.4854793875029462,-1.3186379223081877,-0.7582219937826586,-0.5448116995677182,2.986455912770004,0.20950296274862898,-0.6733351095163024,-0.3282199765344337,0.26602206531617995,0.43767389864880185,1.1187637872164238,0.16013198464826547
39,-1.3592165786838633,0.4854793875029462,-1.3186379223081877,-0.7582219937826586,-0.5448116995677182,-0.3348450568863338,-0.2370721249040158,0.16877475001105982,0.03316664429456092,0.26602206531617995,0.43767389864880185,1.1187637872164238,0.08675000667724847
40,-1.3497775746652252,0.4854793875029462,0.7583582900828203,-0.7582219937826586,-0.5448116995677182,-0.3348450568863338,0.16790418746043742,-0.3224202521075493,-0.5910466098646115,0.26602206531617995,0.43767389864880185,1.1187637872164238,0.36044067234717553
41,-1.3403385706465873,-2.0598196869767857,-1.3186379223081877,-0.7582219937826586,-0.5448116995677182,-0.3348450568863338,-0.23686820933887762,-0.6733351095163024,-0.42677996403325036,0.26602206531617995,0.43767389864880185,1.1187637872164238,0.19409424351830104
42,-1.3308995666279493,0.4854793875029462,0.7583582900828203,-0.7582219937826586,1.835496559257908,-0.3348450568863338,-0.623084289710617,0.19494321737283726,-0.7553132556959727,0.26602206531617995,0.43767389864880185,-0.09598860896235581,0.14781670718063777
43,-1.3214605626093114,0.4854793875029462,-1.3186379223081877,-0.7582219937826586,-0.5448116995677182,-0.3348450568863338,0.34551464469580434,0.4420421878709323,1.0516198484490002,0.26602206531617995,0.43767389864880185,-0.09598860896235581,-0.011941952369831983
44,-1.3120215585906736,-2.0598196869767857,-1.3186379223081877,-0.7582219937826586,-0.5448116995677182,-0.3348450568863338,-0.23238206690583735,-0.6733351095163024,-0.8538732431947894,0.26602206531617995,0.43767389864880185,1.1187637872164238,0.21701803557561242
45,-1.3025825545720355,0.4854793875029462,0.7583582900828203,-0.7582219937826586,-0.5448116995677182,-0.3348450568863338,-0.11125622121375012,0.9997308365645495,0.8052198797019584,0.26602206531617995,0.43767389864880185,1.1187637872164238,0.1988929653168179
46,-1.2931435505533977,0.4854793875029462,0.7583582900828203,-0.7582219937826586,1.835496559257908,-0.3348450568863338,-0.13103603103215494,-0.040572988883159605,0.42740659428982775,0.26602206531617995,0.43767389864880185,1.1187637872164238,0.1473363736973464
47,-1.2837045465347596,0.4854793875029462,-1.3186379223081877,-0.7582219937826586,1.835496559257908,-0.3348450568863338,-0.49951145723687146,0.1426062826492824,-0.4596332931995226,0.26602206531617995,0.43767389864880185,-0.09598860896235581,-0.06414284258928381
48,-1.2742655425161218,0.4854793875029462,-1.3186379223081877,-0.7582219937826586,-0.5448116995677182,-0.3348450568863338,0.40505798971615703,0.7586377438216166,0.8380732088682307,0.26602206531617995,0.43767389864880185,1.1187637872164238,0.016811416656421788
49,-1.2648265384974837,0.4854793875029462,0.7583582900828203,2.0620564357940547,1.835496559257908,2.986455912770004,0.6513879924030953,-0.5660872924598375,0.8380732088682307,0.26602206531617995,0.43767389864880185,-0.09598860896235581,0.15641942830752598
50,-1.2553875344788459,0.4854793875029462,0.7583582900828203,0.1818708160762458,-0.5448116995677182,-0.3348450568863338,-0.4866647766331652,0.0589529853452398,-0.19680665986934473,0.26602206531617995,0.43767389864880185,1.1187637872164238,0.3200948276188114
51,-1.2459485304602078,0.4854793875029462,0.7583582900828203,2.0620564357940547,1.835496559257908,-0.3348450568863338,-0.26623205071877754,-0.3159853830841614,-0.2625133182018892,0.26602206531617995,0.43767389864880185,-0.09598860896235581,0.19231487556510146
52,-1.23650952644157,0.4854793875029462,0.7583582900828203,0.1818708160762458,-0.5448116995677182,-0.3348450568863338,-0.26623205071877754,0.6466710228146673,0.3945532651235555,0.26602206531617995,0.43767389864880185,-0.09598860896235581,0.21700848378720794
53,-1.2270705224229321,0.4854793875029462,0.7583582900828203,1.1219636259351504,-0.5448116995677182,-0.3348450568863338,-0.14062006259365006,-0.24434384129044287,-1.7409131306841399,-2.521639361521835,0.43767389864880185,1.1187637872164238,0.46771971360218284
54,-1.217631518404294,0.4854793875029462,0.7583582900828203,-0.7582219937826586,1.835496559257908,2.986455912770004,0.09938855757400425,-0.6733351095163024,-0.7224599265297005,0.26602206531617995,0.43767389864880185,1.1187637872164238,0.24764329494500692
55,-1.2081925143856562,0.4854793875029462,-1.3186379223081877,-0.7582219937826586,-0.5448116995677182,-0.3348450568863338,-0.419168724572423,-0.6733351095163024,-0.09824667237052803,0.26602206531617995,-2.2848061149801855,1.1187637872164238,-1.3095640407870872
56,-1.1987535103670182,-2.0598196869767857,-1.3186379223081877,-0.7582219937826586,1.835496559257908,-0.3348450568863338,-0.08230021096412658,-0.6733351095163024,-0.09824667237052803,0.26602206531617995,0.43767389864880185,-1.3107410051411352,-0.029572348999056107
57,-1.1893145063483803,0.4854793875029462,0.7583582900828203,1.1219636259351504,-0.5448116995677182,-0.3348450568863338,-0.2431895918581616,0.8448649887350144,-0.03254001403798355,-2.521639361521835,0.43767389864880185,-0.09598860896235581,0.2709950184505401
58,-1.1798755023297423,-2.0598196869767857,0.7583582900828203,1.1219636259351504,-0.5448116995677182,-0.3348450568863338,-0.41325517318341537,0.8984888972632468,0.6573798984537333,0.26602206531617995,-2.2848061149801855,-0.09598860896235581,-1.2409033146247597
59,-1.1704364983111044,0.4854793875029462,0.7583582900828203,2.0620564357940547,-0.5448116995677182,-0.3348450568863338,-0.017455061250180894,-0.6733351095163024,-0.7553132556959727,-2.521639361521835,0.43767389864880185,-0.09598860896235581,0.4227146281388238
60,-1.1609974942924666,0.4854793875029462,0.7583582900828203,-0.7582219937826586,1.835496559257908,-0.3348450568863338,-0.487480438893718,0.06495886310040183,-0.42677996403325036,0.26602206531617995,0.43767389864880185,-0.09598860896235581,0.14822084131211277
61,-1.1515584902738285,0.4854793875029462,0.7583582900828203,-0.7582219937826586,-0.5448116995677182,2.986455912770004,0.45073507630711246,-0.5480696591943514,-0.18037999528620863,0.26602206531617995,0.43767389864880185,1.1187637872164238,0.35938094508030394
62,-1.1421194862551907,-2.0598196869767857,-1.3186379223081877,1.1219636259351504,-0.5448116995677182,-0.3348450568863338,0.033115998904091205,-0.6733351095163024,0.8709265380345029,0.26602206531617995,0.43767389864880185,-0.09598860896235581,0.12084194987699971
63,-1.1326804822365526,-2.0598196869767857,-1.3186379223081877,-0.7582219937826586,-0.5448116995677182,-0.3348450568863338,-0.5515099263471109,-0.029848207177513117,-0.4596332931995226,0.26602206531617995,-2.2848061149801855,-1.3107410051411352,-1.3799781218101914
64,-1.1232414782179148,0.4854793875029462,0.7583582900828203,2.0620564357940547,1.835496559257908,-0.3348450568863338,-0.06435564123196551,-0.6733351095163024,-0.18037999528620863,0.26602206531617995,0.43767389864880185,1.1187637872164238,0.2561224640894215
65,-1.1138024741992767,0.4854793875029462,0.7583582900828203,-0.7582219937826586,-0.5448116995677182,-0.3348450568863338,-0.3851148251943446,0.8637406045369522,0.03316664429456092,0.26602206531617995,0.43767389864880185,-0.09598860896235581,0.21510019144295744
66,-1.1043634701806389,0.4854793875029462,0.7583582900828203,-0.7582219937826586,1.835496559257908,-0.3348450568863338,-0.021533372552944775,-0.6733351095163024,-0.016113349454847437,0.26602206531617995,-2.2848061149801855,-0.09598860896235581,-1.2789896774399503
67,-1.0949244661620008,0.4854793875029462,0.7583582900828203,-0.7582219937826586,-0.5448116995677182,-0.3348450568863338,-0.2774474068013782,-0.6733351095163024,-0.09824667237052803,0.26602206531617995,-2.2848061149801855,-0.09598860896235581,-1.136301600627869
68,-1.085485462143363,0.4854793875029462,0.7583582900828203,-0.7582219937826586,-0.5448116995677182,-0.3348450568863338,0.5832801936469385,-0.6733351095163024,0.8380732088682307,0.26602206531617995,0.43767389864880185,-0.09598860896235581,0.29006877515392393
69,-1.076046458124725,0.4854793875029462,0.7583582900828203,-0.7582219937826586,-0.5448116995677182,-0.3348450568863338,-0.4787120695927756,1.5166653147767102,0.8544998734513668,0.26602206531617995,-2.2848061149801855,-1.3107410051411352,-1.3706805991173596
70,-1.066607454106087,-2.0598196869767857,-1.3186379223081877,-0.7582219937826586,-0.5448116995677182,-0.3348450568863338,-0.317210942003326,-0.6733351095163024,-0.6731799327802922,0.26602206531617995,0.43767389864880185,-0.09598860896235581,0.1800070618882104
71,-1.0571684500874492,0.4854793875029462,-1.3186379223081877,-0.7582219937826586,-0.5448116995677182,-0.3348450568863338,-0.06986136149069674,-0.6733351095163024,-1.1659798702743758,0.26602206531617995,0.43767389864880185,-0.09598860896235581,0.18192520502184875
72,-1.0477294460688111,0.4854793875029462,0.7583582900828203,0.1818708160762458,-0.5448116995677182,-0.3348450568863338,-0.14734927624321045,0.08812439158459824,0.049593308877697036,-4.380080312747179,0.43767389864880185,1.1187637872164238,0.37489282059192197
73,-1.0382904420501733,0.4854793875029462,0.7583582900828203,-0.7582219937826586,-0.5448116995677182,2.986455912770004,-0.18466582466349996,0.22497260614864742,1.577273115109356,0.26602206531617995,0.43767389864880185,-1.3107410051411352,0.141687960774027
74,-1.0288514380315352,0.4854793875029462,0.7583582900828203,-0.7582219937826586,1.835496559257908,-0.3348450568863338,-0.011337594296035076,0.8637406045369522,0.13172663179337762,0.26602206531617995,0.43767389864880185,-0.09598860896235581,0.07671195700270135
75,-1.0194124340128974,0.4854793875029462,-1.3186379223081877,-0.7582219937826586,-0.5448116995677182,-0.3348450568863338,-0.24930705881230744,0.800249896839525,0.31241994220787495,0.26602206531617995,0.43767389864880185,1.1187637872164238,0.0434140446074074
76,-1.0099734299942595,0.4854793875029462,0.7583582900828203,-0.7582219937826586,-0.5448116995677182,-0.3348450568863338,-0.3296497914767559,0.34208722237430705,0.8216465442850945,0.26602206531617995,0.43767389864880185,1.1187637872164238,0.25158965784742815
77,-1.0005344259756215,0.4854793875029462,-1.3186379223081877,-0.7582219937826586,-0.5448116995677182,2.986455912770004,0.31615080331590445,-0.6733351095163024,-1.4123798390214175,0.26602206531617995,0.43767389864880185,-1.3107410051411352,0.15796398515398596
78,-0.9910954219569835,0.4854793875029462,0.7583582900828203,0.1818708160762458,-0.5448116995677182,-0.3348450568863338,-0.2839727048858004,1.0653665006031061,-0.18037999528620863,0.26602206531617995,0.43767389864880185,-0.09598860896235581,0.22765696991529313
79,-0.9816564179383457,-2.0598196869767857,0.7583582900828203,-0.7582219937826586,-0.5448116995677182,-0.3348450568863338,0.6411922141461857,-0.6733351095163024,0.8052198797019584,0.26602206531617995,0.43767389864880185,1.1187637872164238,0.3596140991674655
80,-0.9722174139197077,0.4854793875029462,0.7583582900828203,2.0620564357940547,-0.5448116995677182,-0.3348450568863338,-0.19914382978831172,-0.20015774066317935,0.4438332588729639,0.26602206531617995,-2.2848061149801855,1.1187637872164238,-1.125711603637184
81,-0.9627784099010698,0.4854793875029462,0.7583582900828203,2.0620564357940547,-0.5448116995677182,-0.3348450568863338,13.809855495205612,-0.6733351095163024,3.679886181750779,0.26602206531617995,0.43767389864880185,1.1187637872164238,0.3671115230554048
82,-0.9533394058824318,0.4854793875029462,0.7583582900828203,1.1219636259351504,1.835496559257908,-0.3348450568863338,-0.13654175129088617,-0.6733351095163024,0.21385995470905822,2.1244630165415233,-2.2848061149801855,-1.3107410051411352,-1.327056061945936
83,-0.9439004018637939,0.4854793875029462,0.7583582900828203,-0.7582219937826586,-0.5448116995677182,-0.3348450568863338,0.7429460811501444,-0.6733351095163024,1.987939729687759,0.26602206531617995,0.43767389864880185,-1.3107410051411352,0.20239150402369063
84,-0.9344613978451559,0.4854793875029462,0.7583582900828203,-0.7582219937826586,-0.5448116995677182,-0.3348450568863338,-0.0712887704466641,-0.6733351095163024,-0.0818200077873919,-2.521639361521835,-2.2848061149801855,-0.09598860896235581,-1.0940888705376448
85,-0.925022393826518,0.4854793875029462,0.7583582900828203,1.1219636259351504,-0.5448116995677182,-0.3348450568863338,-0.03478788428692738,2.7585950362905733,-0.5581932806983393,-2.521639361521835,0.43767389864880185,-1.3107410051411352,0.14503787046484867
86,-0.91558338980788,0.4854793875029462,0.7583582900828203,-0.7582219937826586,-0.5448116995677182,-0.3348450568863338,-0.25175404559396575,0.1490411516726703,-0.016113349454847437,0.26602206531617995,0.43767389864880185,1.1187637872164238,0.311922983327977
87,-0.9061443857892422,0.4854793875029462,-1.3186379223081877,-0.7582219937826586,-0.5448116995677182,-0.3348450568863338,-0.3547314059887537,-0.6733351095163024,-0.6731799327802922,0.26602206531617995,0.43767389864880185,-0.09598860896235581,0.1596002382742502
88,-0.8967053817706042,0.4854793875029462,-1.3186379223081877,1.1219636259351504,1.835496559257908,-0.3348450568863338,-0.3202696754803989,0.19108229595880452,-0.9688598952767423,0.26602206531617995,0.43767389864880185,-0.09598860896235581,-0.005527789051321931
89,-0.8872663777519663,-2.0598196869767857,-1.3186379223081877,-0.7582219937826586,-0.5448116995677182,-0.3348450568863338,0.051468399766528665,-0.6733351095163024,1.0516198484490002,0.26602206531617995,0.43767389864880185,-1.3107410051411352,0.06698656022217575
90,-0.8778273737333283,0.4854793875029462,0.7583582900828203,-0.7582219937826586,-0.5448116995677182,2.986455912770004,-0.32985370704189404,0.30733892964801246,-0.09824667237052803,0.26602206531617995,0.43767389864880185,-1.3107410051411352,0.22616475271717795
91,-0.8683883697146904,0.4854793875029462,0.7583582900828203,2.0620564357940547,-0.5448116995677182,-0.3348450568863338,1.7765940808356495,-0.6733351095163024,4.1726861192448625,0.26602206531617995,0.43767389864880185,-1.3107410051411352,0.13374589514360286
92,-0.8589493656960524,0.4854793875029462,0.7583582900828203,0.1818708160762458,-0.5448116995677182,-0.3348450568863338,-0.09004900243937795,0.3991430610483464,0.8052198797019584,0.26602206531617995,0.43767389864880185,-0.09598860896235581,0.2299347516950041
93,-0.8495103616774144,0.4854793875029462,0.7583582900828203,1.1219636259351504,1.835496559257908,-0.3348450568863338,-0.008074945253823972,0.032784517983462366,-0.5910466098646115,0.26602206531617995,0.43767389864880185,-0.09598860896235581,0.19515486776919427
94,-0.8400713576587765,0.4854793875029462,0.7583582900828203,0.1818708160762458,-0.5448116995677182,-0.3348450568863338,-0.04008968898052043,0.32750151925462784,-0.21323332445248086,0.26602206531617995,-2.2848061149801855,-0.09598860896235581,-1.1757909048973032
95,-0.8306323536401387,-2.0598196869767857,0.7583582900828203,2.0620564357940547,-0.5448116995677182,-0.3348450568863338,0.29657490906263784,-0.6733351095163024,-0.42677996403325036,0.26602206531617995,0.43767389864880185,-0.09598860896235581,0.4153543174094591
96,-0.8211933496215007,0.4854793875029462,0.7583582900828203,0.1818708160762458,-0.5448116995677182,-0.3348450568863338,-0.30028595009685594,1.1284282170323074,1.9715130651046229,0.26602206531617995,0.43767389864880185,1.1187637872164238,0.15714004523111277
97,-0.8117543456028627,0.4854793875029462,0.7583582900828203,-0.7582219937826586,-0.5448116995677182,-0.3348450568863338,-0.26623205071877754,0.720886512217741,0.06601997346083315,0.26602206531617995,0.43767389864880185,-0.09598860896235581,0.23651707932841692
98,-0.8023153415842248,0.4854793875029462,0.7583582900828203,2.0620564357940547,-0.5448116995677182,-0.3348450568863338,1.0019188488756507,-0.6733351095163024,-1.23168652860692,0.26602206531617995,0.43767389864880185,1.1187637872164238,0.47585054842842084
99,-0.7928763375655868,0.4854793875029462,0.7583582900828203,2.0620564357940547,-0.5448116995677182,-0.3348450568863338,0.41382635901709935,-0.6733351095163024,0.8544998734513668,0.26602206531617995,0.43767389864880185,-0.09598860896235581,0.3266050922217533
100,-0.7834373335469489,0.4854793875029462,-1.3186379223081877,-0.7582219937826586,-0.5448116995677182,-0.3348450568863338,-0.07210443270721688,-0.6733351095163024,-0.0818200077873919,0.26602206531617995,0.43767389864880185,-1.3107410051411352,0.10101325791751231
101,-0.7739983295283109,-2.0598196869767857,0.7583582900828203,-0.7582219937826586,-0.5448116995677182,-0.3348450568863338,-0.5186795203598616,-0.6733351095163024,-0.18037999528620863,2.1244630165415233,-2.2848061149801855,-0.09598860896235581,-1.118499824885172
102,-0.7645593255096731,0.4854793875029462,0.7583582900828203,0.1818708160762458,-0.5448116995677182,-0.3348450568863338,-0.18446190909836174,-0.6733351095163024,-0.3282199765344337,0.26602206531617995,0.43767389864880185,1.1187637872164238,0.39928380717241635
103,-0.7551203214910351,0.4854793875029462,0.7583582900828203,1.1219636259351504,1.835496559257908,-0.3348450568863338,-0.43201540517612924,-0.6733351095163024,-1.4123798390214175,-2.521639361521835,0.43767389864880185,-1.3107410051411352,0.28105559007824876
104,-0.7456813174723972,0.4854793875029462,-1.3186379223081877,-0.7582219937826586,-0.5448116995677182,-0.3348450568863338,-0.5225539160974874,0.2846023924320419,-0.47605995778265875,0.26602206531617995,0.43767389864880185,-0.09598860896235581,0.08946254342419845
105,-0.7362423134537592,-2.0598196869767857,0.7583582900828203,-0.7582219937826586,-0.5448116995677182,-0.3348450568863338,-0.28315704262524766,-0.12122334730962118,1.0516198484490002,0.26602206531617995,0.43767389864880185,-0.09598860896235581,0.2723519007735326
106,-0.7268033094351213,0.4854793875029462,-1.3186379223081877,-0.7582219937826586,-0.5448116995677182,-0.3348450568863338,-0.6544872867418988,0.08168952256121036,-0.2789399827850253,0.26602206531617995,-2.2848061149801855,1.1187637872164238,-1.3347260712566633
107,-0.7173643054164833,0.4854793875029462,0.7583582900828203,2.0620564357940547,-0.5448116995677182,-0.3348450568863338,-0.059665583233787046,-0.6733351095163024,-0.2625133182018892,0.26602206531617995,0.43767389864880185,-1.3107410051411352,0.34436723403955743
108,-0.7079253013978454,0.4854793875029462,0.7583582900828203,-0.7582219937826586,-0.5448116995677182,-0.3348450568863338,-0.062316485580583565,-0.6733351095163024,0.06601997346083315,0.26602206531617995,0.43767389864880185,-0.09598860896235581,0.33703001200913324
109,-0.6984862973792074,0.4854793875029462,0.7583582900828203,-0.7582219937826586,1.835496559257908,-0.3348450568863338,-0.057626427582405104,-0.09419689741139205,0.4766865880392361,0.26602206531617995,0.43767389864880185,1.1187637872164238,0.1730849255497421
110,-0.6890472933605696,-2.0598196869767857,-1.3186379223081877,-0.7582219937826586,-0.5448116995677182,2.986455912770004,-0.012968918817140629,-0.6733351095163024,-0.4596332931995226,0.26602206531617995,0.43767389864880185,-0.09598860896235581,0.1811891153394054
111,-0.6796082893419316,0.4854793875029462,0.7583582900828203,-0.7582219937826586,-0.5448116995677182,-0.3348450568863338,-0.14755319180834864,-0.6733351095163024,-0.7060332619465643,0.26602206531617995,0.43767389864880185,-0.09598860896235581,0.37647767428141293
112,-0.6701692853232937,-2.0598196869767857,-1.3186379223081877,-0.7582219937826586,-0.5448116995677182,-0.3348450568863338,-0.28315704262524766,-0.6733351095163024,-0.5581932806983393,0.26602206531617995,0.43767389864880185,1.1187637872164238,0.22706579602001048
113,-0.6607302813046557,-2.0598196869767857,0.7583582900828203,1.1219636259351504,-0.5448116995677182,-0.3348450568863338,-0.38409524736865364,0.7835192373787165,-0.22965998903561696,0.26602206531617995,0.43767389864880185,-0.09598860896235581,0.2968350212893876
114,-0.6512912772860178,0.4854793875029462,0.7583582900828203,-0.7582219937826586,-0.5448116995677182,-0.3348450568863338,-0.13022036877160215,1.3660893796294336,0.3945532651235555,0.26602206531617995,0.43767389864880185,-1.3107410051411352,0.14762460945223838
115,-0.6418522732673798,0.4854793875029462,-1.3186379223081877,2.0620564357940547,-0.5448116995677182,-0.3348450568863338,-0.11472278582109942,1.0953958893789162,0.34527327137414715,0.26602206531617995,0.43767389864880185,-0.09598860896235581,0.02946291643173992
116,-0.6324132692487419,-2.0598196869767857,-1.3186379223081877,-0.7582219937826586,1.835496559257908,-0.3348450568863338,-0.9799365287024564,0.08168952256121036,0.7230865567862779,0.26602206531617995,0.43767389864880185,-0.09598860896235581,-0.07331918912629463
117,-0.6229742652301039,0.4854793875029462,0.7583582900828203,0.1818708160762458,-0.5448116995677182,-0.3348450568863338,-0.6708005319529544,0.5707395683386902,-0.9195799015273339,0.26602206531617995,-2.2848061149801855,-1.3107410051411352,-1.1914796064467343
118,-0.6135352612114661,-2.0598196869767857,-1.3186379223081877,-0.7582219937826586,-0.5448116995677182,-0.3348450568863338,-0.6206373029289587,0.47035561157383904,-0.5253399515320671,0.26602206531617995,-2.2848061149801855,1.1187637872164238,-1.3170729660257938
119,-0.6040962571928281,0.4854793875029462,0.7583582900828203,1.1219636259351504,-0.5448116995677182,-0.3348450568863338,-0.832301659542404,0.8324242419564645,1.2651664880297697,0.26602206531617995,-2.2848061149801855,-1.3107410051411352,-1.3122281118223544
120,-0.5946572531741902,0.4854793875029462,-1.3186379223081877,-0.7582219937826586,-0.5448116995677182,-0.3348450568863338,-0.3427003876456003,-0.6733351095163024,-1.1659798702743758,0.26602206531617995,0.43767389864880185,1.1187637872164238,0.23394202362483227
121,-0.5852182491555522,0.4854793875029462,0.7583582900828203,-0.7582219937826586,-0.5448116995677182,-0.3348450568863338,-0.5042015152350499,0.9581186835466412,0.16457996095964986,0.26602206531617995,0.43767389864880185,-1.3107410051411352,0.18516985888804657
122,-0.5757792451369143,0.4854793875029462,0.7583582900828203,2.0620564357940547,-0.5448116995677182,-0.3348450568863338,-0.29681938548950665,-0.004108731083961548,-0.016113349454847437,0.26602206531617995,0.43767389864880185,1.1187637872164238,0.362944449383347
123,-0.5663402411182763,0.4854793875029462,-1.3186379223081877,-0.7582219937826586,-0.5448116995677182,-0.3348450568863338,-0.4701476158569715,2.0782148848843605,0.8380732088682307,0.26602206531617995,-2.2848061149801855,-1.3107410051411352,-1.590965026320535
124,-0.5569012370996383,-2.0598196869767857,-1.3186379223081877,-0.7582219937826586,-0.5448116995677182,-0.3348450568863338,1.5690080355249683,-0.6733351095163024,2.694286306762612,0.26602206531617995,-2.2848061149801855,1.1187637872164238,-1.3763231476147908
125,-0.5474622330810004,0.4854793875029462,-1.3186379223081877,-0.7582219937826586,-0.5448116995677182,-0.3348450568863338,-0.028262586202505175,-0.6733351095163024,-0.2625133182018892,0.26602206531617995,0.43767389864880185,-0.09598860896235581,0.15681409412026115
126,-0.5380232290623626,0.4854793875029462,-1.3186379223081877,-0.7582219937826586,-0.5448116995677182,-0.3348450568863338,0.34551464469580434,-0.6733351095163024,-1.067419882775559,0.26602206531617995,-2.2848061149801855,1.1187637872164238,-1.2245998463675463
127,-0.5285842250437246,0.4854793875029462,0.7583582900828203,1.1219636259351504,-0.5448116995677182,-0.3348450568863338,0.5494302098339984,-0.6733351095163024,1.462286463027403,0.26602206531617995,0.43767389864880185,1.1187637872164238,0.335257648047959
128,-0.5191452210250866,0.4854793875029462,-1.3186379223081877,-0.7582219937826586,-0.5448116995677182,-0.3348450568863338,-0.35330399703278637,-0.6733351095163024,-1.0838465473586951,-2.521639361521835,0.43767389864880185,1.1187637872164238,0.26691169244781254
129,-0.5097062170064487,0.4854793875029462,0.7583582900828203,0.1818708160762458,1.835496559257908,-0.3348450568863338,-0.30273293687851427,0.22239865853929228,-1.0838465473586951,0.26602206531617995,0.43767389864880185,-0.09598860896235581,0.20844694823093127
130,-0.5002672129878107,0.4854793875029462,0.7583582900828203,-0.7582219937826586,-0.5448116995677182,-0.3348450568863338,-0.30028595009685594,-0.1285161988694608,-0.19680665986934473,0.26602206531617995,0.43767389864880185,1.1187637872164238,0.3558938820538912
131,-0.49082820896917284,0.4854793875029462,-1.3186379223081877,-0.7582219937826586,-0.5448116995677182,-0.3348450568863338,-0.2884588473188407,-0.6733351095163024,-0.06539334320425579,0.26602206531617995,0.43767389864880185,-1.3107410051411352,0.10939105268978208
132,-0.4813892049505349,0.4854793875029462,0.7583582900828203,0.1818708160762458,-0.5448116995677182,2.986455912770004,-0.298246794445474,-0.022555355617673505,-0.508913286948931,0.26602206531617995,0.43767389864880185,-1.3107410051411352,0.29474468894241546
133,-0.47195020093189693,-2.0598196869767857,-1.3186379223081877,0.1818708160762458,-0.5448116995677182,-0.3348450568863338,-0.24176218290219426,-0.6733351095163024,-0.7553132556959727,0.26602206531617995,0.43767389864880185,1.1187637872164238,0.2547139827457568
134,-0.462511196913259,0.4854793875029462,-1.3186379223081877,-0.7582219937826586,-0.5448116995677182,-0.3348450568863338,-0.16427426814968055,-0.6733351095163024,-0.8702999077779255,-4.0083921225021095,0.43767389864880185,1.1187637872164238,0.27875512379203066
135,-0.4530721928946211,0.4854793875029462,0.7583582900828203,-0.7582219937826586,-0.5448116995677182,-0.3348450568863338,-0.1116640523440265,-0.6733351095163024,-0.18037999528620863,0.26602206531617995,0.43767389864880185,1.1187637872164238,0.3958561900579671
136,-0.44363318887598313,0.4854793875029462,0.7583582900828203,1.1219636259351504,-0.5448116995677182,-0.3348450568863338,-0.062316485580583565,-0.6733351095163024,0.181006625542786,0.26602206531617995,0.43767389864880185,-1.3107410051411352,0.3235088222218376
137,-0.4341941848573452,0.4854793875029462,0.7583582900828203,0.1818708160762458,-0.5448116995677182,-0.3348450568863338,-0.5692505805141338,0.5814643500443366,-0.2625133182018892,0.26602206531617995,0.43767389864880185,-1.3107410051411352,0.24680420795104674
138,-0.4247551808387072,0.4854793875029462,-1.3186379223081877,-0.7582219937826586,-0.5448116995677182,-0.3348450568863338,-0.30028595009685594,-0.137096024233978,-0.42677996403325036,0.26602206531617995,0.43767389864880185,-0.09598860896235581,0.1307921883978002
139,-0.4153161768200693,-2.0598196869767857,-1.3186379223081877,2.0620564357940547,-0.5448116995677182,-0.3348450568863338,-0.14734927624321045,-0.6733351095163024,-0.5417666161152032,0.26602206531617995,0.43767389864880185,-0.09598860896235581,0.22895542432661778
140,-0.4058771728014314,0.4854793875029462,-1.3186379223081877,-0.7582219937826586,-0.5448116995677182,-0.3348450568863338,-0.01602765229421354,-0.6733351095163024,0.23028661929219432,0.26602206531617995,-2.2848061149801855,-1.3107410051411352,-1.3628452420280703
141,-0.3964381687827934,0.4854793875029462,0.7583582900828203,2.0620564357940547,-0.5448116995677182,-0.3348450568863338,-0.35004134799057524,0.6132097038930503,-0.5910466098646115,-1.5924188859091635,0.43767389864880185,-1.3107410051411352,0.30667016269619624
142,-0.38699916476415547,0.4854793875029462,0.7583582900828203,2.0620564357940547,1.835496559257908,-0.3348450568863338,0.4054658208464334,-0.44682771989304854,0.049593308877697036,0.26602206531617995,-2.2848061149801855,1.1187637872164238,-1.1997049530208297
143,-0.37756016074551757,0.4854793875029462,0.7583582900828203,-0.7582219937826586,-0.5448116995677182,2.986455912770004,5.545361555719751,-0.6733351095163024,6.800952452546642,0.26602206531617995,0.43767389864880185,-0.09598860896235581,0.0655365952101263
144,-0.3681211567268796,0.4854793875029462,0.7583582900828203,1.1219636259351504,-0.5448116995677182,2.986455912770004,1.2407039756524758,-0.6733351095163024,2.0372197234371674,-5.123456693237316,0.43767389864880185,-1.3107410051411352,0.3067279285132652
145,-0.35868215270824166,-2.0598196869767857,-1.3186379223081877,-0.7582219937826586,-0.5448116995677182,-0.3348450568863338,1.6589347997509116,-0.6733351095163024,0.23028661929219432,-0.6631984102964917,0.43767389864880185,1.1187637872164238,0.23320622821681636
146,-0.3492431486896037,0.4854793875029462,-1.3186379223081877,-0.7582219937826586,1.835496559257908,-0.3348450568863338,-0.31190913730973296,-0.6733351095163024,-0.7553132556959727,0.26602206531617995,0.43767389864880185,-0.09598860896235581,0.04547799841091623
147,-0.3398041446709658,0.4854793875029462,-1.3186379223081877,-0.7582219937826586,1.835496559257908,2.986455912770004,0.7947406346952457,-0.6733351095163024,1.0351931838658641,0.26602206531617995,-2.2848061149801855,-1.3107410051411352,-1.5394674177182015
148,-0.33036514065232786,0.4854793875029462,0.7583582900828203,0.1818708160762458,-0.5448116995677182,-0.3348450568863338,-0.012968918817140629,-0.3657483701983611,0.049593308877697036,0.26602206531617995,0.43767389864880185,-0.09598860896235581,0.34200944032836395
149,-0.3209261366336899,0.4854793875029462,-1.3186379223081877,-0.7582219937826586,-0.5448116995677182,-0.3348450568863338,0.22316530561288797,-0.6733351095163024,0.23028661929219432,0.26602206531617995,0.43767389864880185,1.1187637872164238,0.18035007745015622
150,-0.31148713261505195,0.4854793875029462,-1.3186379223081877,-0.7582219937826586,-0.5448116995677182,-0.3348450568863338,-0.35371182816306274,1.175188265268926,0.7230865567862779,0.26602206531617995,0.43767389864880185,1.1187637872164238,0.024353829560197895
151,-0.30204812859641406,0.4854793875029462,0.7583582900828203,-0.7582219937826586,-0.5448116995677182,-0.3348450568863338,-0.41243951092286263,-0.04872382297945094,-0.377499970283842,0.26602206531617995,0.43767389864880185,1.1187637872164238,0.36634947567348214
152,-0.2926091245777761,0.4854793875029462,-1.3186379223081877,-0.7582219937826586,-0.5448116995677182,-0.3348450568863338,0.039641296988513416,-0.6733351095163024,0.1974332901259221,0.26602206531617995,0.43767389864880185,-1.3107410051411352,0.10772793048394264
153,-0.28317012055913815,0.4854793875029462,0.7583582900828203,0.1818708160762458,1.835496559257908,-0.3348450568863338,-0.47769249176708467,0.33908428349672604,-0.31179331195129756,0.26602206531617995,-2.2848061149801855,1.1187637872164238,-1.2587418011856963
154,-0.2737311165405002,0.4854793875029462,0.7583582900828203,1.1219636259351504,-0.5448116995677182,-0.3348450568863338,0.01007354004347529,-0.6733351095163024,-1.0509932181924229,0.26602206531617995,0.43767389864880185,-1.3107410051411352,0.39385061406999106
155,-0.2642921125218623,0.4854793875029462,-1.3186379223081877,-0.7582219937826586,1.835496559257908,2.986455912770004,-0.6538755400464843,0.387989288074474,-0.18037999528620863,-0.6631984102964917,0.43767389864880185,-0.09598860896235581,-0.0510381246711916
156,-0.25485310850322435,0.4854793875029462,0.7583582900828203,1.1219636259351504,-0.5448116995677182,2.986455912770004,-0.11411103912568483,1.148161815370697,1.2815931526129059,0.26602206531617995,0.43767389864880185,1.1187637872164238,0.21837630308878034
157,-0.24541410448458642,0.4854793875029462,0.7583582900828203,-0.7582219937826586,-0.5448116995677182,-0.3348450568863338,-0.09637038495866196,0.3094838859891417,-0.048966678621119676,0.11115198604740135,0.43767389864880185,-1.3107410051411352,0.2599766250937688
158,-0.23597510046594847,0.4854793875029462,-1.3186379223081877,0.1818708160762458,-0.5448116995677182,-0.3348450568863338,0.20746380709724704,0.4115838078268963,0.8380732088682307,0.26602206531617995,0.43767389864880185,-0.09598860896235581,0.052030322222434804
159,-0.22653609644731054,0.4854793875029462,0.7583582900828203,-0.7582219937826586,1.835496559257908,-0.3348450568863338,0.6299768580635849,-0.6733351095163024,0.11529996721024151,0.26602206531617995,0.43767389864880185,-1.3107410051411352,0.18403024310876245
160,-0.2170970924286726,0.4854793875029462,-1.3186379223081877,-0.7582219937826586,-0.5448116995677182,-0.3348450568863338,-0.13368693337895146,1.1524517280529556,1.1994598296972252,0.26602206531617995,0.43767389864880185,-1.3107410051411352,-0.06535790269616257
161,-0.20765808841003466,0.4854793875029462,-1.3186379223081877,-0.7582219937826586,-0.5448116995677182,-0.3348450568863338,-0.3755307936328495,-0.6733351095163024,-0.8538732431947894,0.26602206531617995,-2.2848061149801855,-0.09598860896235581,-1.2672195949585177
162,-0.1982190843913967,0.4854793875029462,-1.3186379223081877,-0.7582219937826586,-0.5448116995677182,-0.3348450568863338,0.15852407146408048,-0.6733351095163024,-0.3282199765344337,0.26602206531617995,0.43767389864880185,1.1187637872164238,0.21294267552993146
163,-0.18878008037275879,-2.0598196869767857,-1.3186379223081877,-0.7582219937826586,-0.5448116995677182,-0.3348450568863338,-0.42773317830822716,-0.6733351095163024,-1.1659798702743758,0.26602206531617995,0.43767389864880185,-1.3107410051411352,0.20228611450914336
164,-0.17934107635412083,0.4854793875029462,-1.3186379223081877,0.1818708160762458,-0.5448116995677182,-0.3348450568863338,-0.3314850315629996,0.3433741961789846,-0.9195799015273339,-1.5924188859091635,0.43767389864880185,-1.3107410051411352,0.1283238786222497
165,-0.1699020723354829,0.4854793875029462,-1.3186379223081877,-0.7582219937826586,1.835496559257908,-0.3348450568863338,-0.5174560269690325,-0.6733351095163024,0.5588199109549167,0.26602206531617995,-2.2848061149801855,-0.09598860896235581,-1.4803317058939458
166,-0.16046306831684495,0.4854793875029462,-1.3186379223081877,1.1219636259351504,1.835496559257908,-0.3348450568863338,-0.7472688688797771,0.19194027849525624,-0.2625133182018892,0.26602206531617995,-2.2848061149801855,1.1187637872164238,-1.4440728255773423
167,-0.15102406429820703,0.4854793875029462,0.7583582900828203,-0.7582219937826586,-0.5448116995677182,-0.3348450568863338,-0.35962537955207036,0.6852802369549946,-0.016113349454847437,0.26602206531617995,0.43767389864880185,1.1187637872164238,0.30511593952489063
168,-0.14158506027956907,-2.0598196869767857,0.7583582900828203,2.0620564357940547,-0.5448116995677182,-0.3348450568863338,-0.623084289710617,0.5857542627265953,-0.6896065973634282,0.26602206531617995,-2.2848061149801855,-0.09598860896235581,-1.1029224229275176
169,-0.13214605626093115,-2.0598196869767857,0.7583582900828203,0.1818708160762458,-0.5448116995677182,-0.3348450568863338,-0.2531814545499331,-0.6733351095163024,-0.9360065661104701,0.26602206531617995,0.43767389864880185,-1.3107410051411352,0.4078169215211315
170,-0.12270705224229321,-2.0598196869767857,-1.3186379223081877,-0.7582219937826586,-0.5448116995677182,-0.3348450568863338,-0.1728387218854847,-0.6733351095163024,-0.42677996403325036,0.26602206531617995,0.43767389864880185,-1.3107410051411352,0.17024384799441447
171,-0.11326804822365527,0.4854793875029462,0.7583582900828203,1.1219636259351504,1.835496559257908,-0.3348450568863338,-0.06578305018793286,-0.6733351095163024,-0.09824667237052803,0.26602206531617995,0.43767389864880185,-1.3107410051411352,0.2098215449408096
172,-0.10382904420501733,0.4854793875029462,0.7583582900828203,-0.7582219937826586,-0.5448116995677182,-0.3348450568863338,0.08552229914460706,-0.6733351095163024,0.11529996721024151,0.26602206531617995,0.43767389864880185,-1.3107410051411352,0.3237431151616027
173,-0.09439004018637939,0.4854793875029462,-1.3186379223081877,-0.7582219937826586,-0.5448116995677182,-0.3348450568863338,-0.36472326868052524,0.5471450485862679,0.3781266005404194,-2.521639361521835,-2.2848061149801855,1.1187637872164238,-1.3366569458682467
174,-0.08495103616774145,0.4854793875029462,0.7583582900828203,-0.7582219937826586,1.835496559257908,-0.3348450568863338,-0.4842177898515069,0.10742899865476192,-0.42677996403325036,0.26602206531617995,-2.2848061149801855,-1.3107410051411352,-1.311930281149097
175,-0.07551203214910351,0.4854793875029462,0.7583582900828203,1.1219636259351504,-0.5448116995677182,-0.3348450568863338,0.021696727256352345,1.3060306020778132,0.3945532651235555,0.26602206531617995,0.43767389864880185,-1.3107410051411352,0.1948770406082959
176,-0.06607302813046557,0.4854793875029462,0.7583582900828203,1.1219636259351504,1.835496559257908,-0.3348450568863338,-0.4701476158569715,0.7564927874804873,-0.0818200077873919,0.26602206531617995,0.43767389864880185,1.1187637872164238,0.1831149424828736
177,-0.056634024111827636,-2.0598196869767857,-1.3186379223081877,-0.7582219937826586,-0.5448116995677182,-0.3348450568863338,-0.38491090962920643,-0.6733351095163024,-1.1659798702743758,0.26602206531617995,0.43767389864880185,-1.3107410051411352,0.20806760390923174
178,-0.047195020093189696,0.4854793875029462,0.7583582900828203,1.1219636259351504,-0.5448116995677182,-0.3348450568863338,0.06574248932620225,-0.6733351095163024,0.11529996721024151,0.26602206531617995,0.43767389864880185,-1.3107410051411352,0.3441930463698596
179,-0.03775601607455176,0.4854793875029462,0.7583582900828203,2.0620564357940547,-0.5448116995677182,-0.3348450568863338,2.1424186046935696,-0.6733351095163024,0.8380732088682307,0.26602206531617995,0.43767389864880185,1.1187637872164238,0.4142437913741123
180,-0.028317012055913818,0.4854793875029462,0.7583582900828203,1.1219636259351504,-0.5448116995677182,-0.3348450568863338,-0.1728387218854847,0.4557699084541598,0.3945532651235555,0.26602206531617995,0.43767389864880185,-0.09598860896235581,0.28850798416321244
181,-0.01887800803727588,0.4854793875029462,0.7583582900828203,-0.7582219937826586,-0.5448116995677182,-0.3348450568863338,-0.09616646939352376,0.5900441754088539,0.4766865880392361,0.26602206531617995,0.43767389864880185,-0.09598860896235581,0.2581237331624186
182,-0.00943900401863794,0.4854793875029462,0.7583582900828203,1.1219636259351504,-0.5448116995677182,-0.3348450568863338,-0.0912724958302071,-0.6733351095163024,-0.42677996403325036,0.26602206531617995,0.43767389864880185,1.1187637872164238,0.44479653539004377
183,0.0,-2.0598196869767857,0.7583582900828203,0.1818708160762458,-0.5448116995677182,-0.3348450568863338,-0.16427426814968055,1.0070236881243892,0.6080999047043251,0.26602206531617995,0.43767389864880185,-1.3107410051411352,0.22223480574269522
184,0.00943900401863794,0.4854793875029462,0.7583582900828203,2.0620564357940547,-0.5448116995677182,-0.3348450568863338,1.0930691064924234,-0.35159165834690775,0.23028661929219432,0.26602206531617995,0.43767389864880185,1.1187637872164238,0.41327519695848136
185,0.01887800803727588,0.4854793875029462,0.7583582900828203,-0.7582219937826586,1.835496559257908,-0.3348450568863338,-0.06578305018793286,-0.6733351095163024,-0.016113349454847437,0.26602206531617995,0.43767389864880185,-0.09598860896235581,0.22917255987476107
186,0.028317012055913818,0.4854793875029462,0.7583582900828203,1.1219636259351504,1.835496559257908,-0.3348450568863338,-0.058034258712681495,-0.16540944793688472,0.23028661929219432,0.26602206531617995,0.43767389864880185,-0.09598860896235581,0.20126221314928244
187,0.03775601607455176,0.4854793875029462,0.7583582900828203,1.1219636259351504,-0.5448116995677182,-0.3348450568863338,0.8893574569193676,-0.6733351095163024,1.6265531088587644,0.26602206531617995,0.43767389864880185,-0.09598860896235581,0.3168220162333968
188,0.047195020093189696,0.4854793875029462,0.7583582900828203,-0.7582219937826586,1.835496559257908,-0.3348450568863338,1.6878908100005352,-0.6733351095163024,-0.18037999528620863,0.26602206531617995,0.43767389864880185,-1.3107410051411352,0.22223159152888883
189,0.056634024111827636,0.4854793875029462,0.7583582900828203,1.1219636259351504,-0.5448116995677182,-0.3348450568863338,0.6256946311956829,1.0284732515356823,3.2856462317555124,0.26602206531617995,0.43767389864880185,-1.3107410051411352,0.07868755288082876
190,0.06607302813046557,-2.0598196869767857,0.7583582900828203,0.1818708160762458,-0.5448116995677182,-0.3348450568863338,-0.09637038495866196,-0.6733351095163024,-0.06539334320425579,-4.0083921225021095,0.43767389864880185,-1.3107410051411352,0.42576064833046595
191,0.07551203214910351,0.4854793875029462,-1.3186379223081877,-0.7582219937826586,-0.5448116995677182,-0.3348450568863338,-0.14734927624321045,-0.6733351095163024,-0.6567532681971561,0.26602206531617995,0.43767389864880185,1.1187637872164238,0.23709130124542377
192,0.08495103616774145,0.4854793875029462,0.7583582900828203,1.1219636259351504,1.835496559257908,-0.3348450568863338,-0.20811611465439225,0.5758874635574005,0.7230865567862779,0.26602206531617995,-2.2848061149801855,-1.3107410051411352,-1.3736507843517585
193,0.09439004018637939,0.4854793875029462,0.7583582900828203,2.0620564357940547,1.835496559257908,-0.3348450568863338,-0.4387446188256896,0.1837894443989649,-0.13110000153680026,0.26602206531617995,-2.2848061149801855,-1.3107410051411352,-1.2968107651566683
194,0.10382904420501733,0.4854793875029462,0.7583582900828203,0.1818708160762458,-0.5448116995677182,-0.3348450568863338,1.0592191226794831,0.48065140201125967,4.534072740073857,0.26602206531617995,0.43767389864880185,-0.09598860896235581,0.08641732525946923
195,0.11326804822365527,0.4854793875029462,-1.3186379223081877,-0.7582219937826586,-0.5448116995677182,2.986455912770004,0.20950296274862898,-0.6733351095163024,-0.3282199765344337,0.26602206531617995,0.43767389864880185,1.1187637872164238,0.21943013816272658
196,0.12270705224229321,0.4854793875029462,0.7583582900828203,0.1818708160762458,-0.5448116995677182,-0.3348450568863338,-0.001957478299678154,-0.6733351095163024,-0.3610733057007059,0.26602206531617995,-2.2848061149801855,-0.09598860896235581,-1.0618186697435346
197,0.13214605626093115,0.4854793875029462,0.7583582900828203,-0.7582219937826586,1.835496559257908,-0.3348450568863338,-0.5721053984260684,0.013050919645072831,-0.3446466411175698,0.26602206531617995,0.43767389864880185,-1.3107410051411352,0.16165303403581113
198,0.14158506027956907,0.4854793875029462,0.7583582900828203,1.1219636259351504,-0.5448116995677182,-0.3348450568863338,-0.4619909932514437,-0.3730412217582007,-0.5253399515320671,0.26602206531617995,-2.2848061149801855,1.1187637872164238,-1.032392562433125
199,0.15102406429820703,0.4854793875029462,0.7583582900828203,-0.7582219937826586,-0.5448116995677182,2.986455912770004,-0.5924969549398879,-0.05472970073461297,-0.788166584862245,0.26602206531617995,0.43767389864880185,-1.3107410051411352,0.3238348895160999
200,0.16046306831684495,0.4854793875029462,0.7583582900828203,-0.7582219937826586,-0.5448116995677182,2.986455912770004,0.7953523813906602,-0.6733351095163024,-0.4596332931995226,2.1244630165415233,0.43767389864880185,-1.3107410051411352,0.3423689385063922
201,0.1699020723354829,0.4854793875029462,0.7583582900828203,2.0620564357940547,1.835496559257908,-0.3348450568863338,-0.39775759023291263,-0.4408218421378865,-0.7553132556959727,0.26602206531617995,0.43767389864880185,1.1187637872164238,0.31760899459524605
202,0.17934107635412083,0.4854793875029462,0.7583582900828203,-0.7582219937826586,-0.5448116995677182,-0.3348450568863338,-0.3649271842456634,-0.11564646082268501,-0.5910466098646115,0.26602206531617995,0.43767389864880185,1.1187637872164238,0.4015415961102276
203,0.18878008037275879,-2.0598196869767857,0.7583582900828203,-0.7582219937826586,-0.5448116995677182,-0.3348450568863338,-0.33576725843090166,0.3450901612518881,-0.4596332931995226,0.26602206531617995,0.43767389864880185,-0.09598860896235581,0.354240215255953
204,0.1982190843913967,-2.0598196869767857,-1.3186379223081877,-0.7582219937826586,-0.5448116995677182,-0.3348450568863338,-0.5849520790297748,-0.17913716852011222,-0.9524332306936062,0.26602206531617995,0.43767389864880185,-0.09598860896235581,0.20842313322860193
205,0.20765808841003466,0.4854793875029462,0.7583582900828203,-0.7582219937826586,-0.5448116995677182,-0.3348450568863338,-0.44710515699635556,0.36353678578560006,-0.21323332445248086,0.26602206531617995,0.43767389864880185,-0.09598860896235581,0.313531316982869
206,0.2170970924286726,0.4854793875029462,0.7583582900828203,0.1818708160762458,-0.5448116995677182,-0.3348450568863338,0.031484674382985654,0.4420421878709323,0.8380732088682307,0.26602206531617995,0.43767389864880185,-0.09598860896235581,0.2698285818124174
207,0.22653609644731054,0.4854793875029462,0.7583582900828203,0.1818708160762458,-0.5448116995677182,-0.3348450568863338,-0.35310008146764815,-0.20873756602769653,0.16457996095964986,0.26602206531617995,0.43767389864880185,-0.09598860896235581,0.3439321826232715
208,0.23597510046594847,-2.0598196869767857,-1.3186379223081877,-0.7582219937826586,-0.5448116995677182,-0.3348450568863338,-0.12084025277524524,-0.6733351095163024,-0.9195799015273339,0.26602206531617995,0.43767389864880185,1.1187637872164238,0.2835906309224507
209,0.24541410448458642,0.4854793875029462,-1.3186379223081877,0.1818708160762458,1.835496559257908,-0.3348450568863338,-0.5643566069508171,1.0542127276292337,-0.5910466098646115,0.26602206531617995,0.43767389864880185,-1.3107410051411352,-0.08593091075046441
210,0.25485310850322435,-2.0598196869767857,-1.3186379223081877,-0.7582219937826586,-0.5448116995677182,-0.3348450568863338,-0.4982879638460423,-0.6733351095163024,-1.3302465161057369,0.26602206531617995,0.43767389864880185,1.1187637872164238,0.3008967801679963
211,0.2642921125218623,0.4854793875029462,-1.3186379223081877,-0.7582219937826586,-0.5448116995677182,-0.3348450568863338,0.107545180179532,0.35624393422576045,1.0516198484490002,0.26602206531617995,-2.2848061149801855,-1.3107410051411352,-1.4458303734429923
212,0.2737311165405002,0.4854793875029462,0.7583582900828203,2.0620564357940547,-0.5448116995677182,2.986455912770004,0.1179448740015799,-0.6733351095163024,0.23028661929219432,0.26602206531617995,0.43767389864880185,-0.09598860896235581,0.3910811058202513
213,0.28317012055913815,0.4854793875029462,-1.3186379223081877,-0.7582219937826586,-0.5448116995677182,-0.3348450568863338,0.18401351710635475,-0.6733351095163024,0.23028661929219432,0.26602206531617995,0.43767389864880185,-1.3107410051411352,0.13075977422539692
214,0.2926091245777761,0.4854793875029462,0.7583582900828203,-0.7582219937826586,1.835496559257908,-0.3348450568863338,-0.21443749717367627,0.922083417015669,-0.29536664736816143,0.26602206531617995,0.43767389864880185,-1.3107410051411352,0.1083969402439327
215,0.30204812859641406,0.4854793875029462,0.7583582900828203,-0.7582219937826586,1.835496559257908,-0.3348450568863338,-0.3857265718897592,0.24041629180477836,0.23028661929219432,-0.6631984102964917,0.43767389864880185,1.1187637872164238,0.21073451452545455
216,0.31148713261505195,0.4854793875029462,0.7583582900828203,-0.7582219937826586,1.835496559257908,-0.3348450568863338,-0.4197804712678376,0.3811254277828603,-0.29536664736816143,-4.751768502992247,0.43767389864880185,-0.09598860896235581,0.24156677521764341
217,0.3209261366336899,0.4854793875029462,0.7583582900828203,-0.7582219937826586,-0.5448116995677182,-0.3348450568863338,0.6167223463296023,0.26315282902074894,1.2487398234466336,0.26602206531617995,0.43767389864880185,-1.3107410051411352,0.22602859607696135
218,0.33036514065232786,0.4854793875029462,0.7583582900828203,0.1818708160762458,-0.5448116995677182,2.986455912770004,-0.26480464176281016,0.6771294028587034,1.2487398234466336,0.26602206531617995,0.43767389864880185,-1.3107410051411352,0.19097073356803537
219,0.3398041446709658,0.4854793875029462,0.7583582900828203,0.1818708160762458,-0.5448116995677182,-0.3348450568863338,-0.21586490612964362,0.2442772132188111,-0.18037999528620863,0.26602206531617995,0.43767389864880185,1.1187637872164238,0.3737159196805963
220,0.3492431486896037,0.4854793875029462,0.7583582900828203,-0.7582219937826586,-0.5448116995677182,-0.3348450568863338,-0.5382554146131283,0.2558599774609093,-0.4596332931995226,0.26602206531617995,0.43767389864880185,1.1187637872164238,0.37460339024454725
221,0.35868215270824166,0.4854793875029462,0.7583582900828203,-0.7582219937826586,1.835496559257908,-0.3348450568863338,-0.26623205071877754,0.256717959997361,0.21385995470905822,0.26602206531617995,0.43767389864880185,-1.3107410051411352,0.1293871093438454
222,0.3681211567268796,0.4854793875029462,0.7583582900828203,1.1219636259351504,1.835496559257908,-0.3348450568863338,-0.3893970520622467,-0.6733351095163024,-0.9195799015273339,2.1244630165415233,0.43767389864880185,1.1187637872164238,0.3176357506513453
223,0.37756016074551757,-2.0598196869767857,-1.3186379223081877,0.1818708160762458,-0.5448116995677182,-0.3348450568863338,0.05228406202708144,-0.6733351095163024,0.26313994845846655,-0.6631984102964917,0.43767389864880185,-1.3107410051411352,0.1783635236550784
224,0.38699916476415547,-2.0598196869767857,-1.3186379223081877,1.1219636259351504,-0.5448116995677182,2.986455912770004,0.0771617609739411,-0.6733351095163024,0.8380732088682307,0.26602206531617995,-2.2848061149801855,-0.09598860896235581,-1.2860823307139533
225,0.3964381687827934,-2.0598196869767857,-1.3186379223081877,-0.7582219937826586,-0.5448116995677182,-0.3348450568863338,-0.46097141542575276,-0.6733351095163024,-1.0181398890261506,0.26602206531617995,0.43767389864880185,1.1187637872164238,0.2911063045722818
226,0.4058771728014314,0.4854793875029462,0.7583582900828203,-0.7582219937826586,-0.5448116995677182,-0.3348450568863338,-0.4593400909046472,0.08512145270701722,-0.5581932806983393,0.26602206531617995,0.43767389864880185,1.1187637872164238,0.39430842094352836
227,0.4153161768200693,0.4854793875029462,0.7583582900828203,0.1818708160762458,-0.5448116995677182,-0.3348450568863338,-0.27928264688762194,0.9606926311559963,-0.5910466098646115,0.26602206531617995,0.43767389864880185,-1.3107410051411352,0.27529258323165556
228,0.4247551808387072,0.4854793875029462,-1.3186379223081877,-0.7582219937826586,-0.5448116995677182,-0.3348450568863338,-0.4880921855891326,0.5085358344459405,-0.09824667237052803,0.26602206531617995,0.43767389864880185,-1.3107410051411352,0.06570881059043435
229,0.4341941848573452,0.4854793875029462,0.7583582900828203,2.0620564357940547,1.835496559257908,-0.3348450568863338,0.07634609871338834,-0.6733351095163024,-0.18037999528620863,0.26602206531617995,-2.2848061149801855,1.1187637872164238,-1.1436621970236014
230,0.44363318887598313,0.4854793875029462,-1.3186379223081877,-0.7582219937826586,-0.5448116995677182,-0.3348450568863338,2.0606484630731536,5.550041218636242,-0.09824667237052803,0.26602206531617995,0.43767389864880185,-0.09598860896235581,-0.20742178264661223
231,0.4530721928946211,0.4854793875029462,-1.3186379223081877,-0.7582219937826586,-0.5448116995677182,2.986455912770004,-0.3967380124072217,0.6084907999425658,0.03316664429456092,0.26602206531617995,0.43767389864880185,1.1187637872164238,0.12121382182300064
232,0.462511196913259,0.4854793875029462,0.7583582900828203,-0.7582219937826586,-0.5448116995677182,-0.3348450568863338,-0.7407435707953549,0.010476972035717675,-1.7737664598504121,-2.521639361521835,0.43767389864880185,-1.3107410051411352,0.4211749625052874
233,0.47195020093189693,-2.0598196869767857,-1.3186379223081877,0.1818708160762458,-0.5448116995677182,-0.3348450568863338,0.5698217663478178,-0.6733351095163024,-0.7224599265297005,0.26602206531617995,0.43767389864880185,-0.09598860896235581,0.2635134467939554
234,0.4813892049505349,-2.0598196869767857,0.7583582900828203,-0.7582219937826586,-0.5448116995677182,-0.3348450568863338,-0.540090654699372,0.09370127807153442,-0.5253399515320671,0.26602206531617995,0.43767389864880185,1.1187637872164238,0.42054318452263545
235,0.49082820896917284,0.4854793875029462,-1.3186379223081877,-0.7582219937826586,-0.5448116995677182,-0.3348450568863338,-0.5250009028791457,0.5166866685422319,0.6573798984537333,0.26602206531617995,-2.2848061149801855,1.1187637872164238,-1.361499097235902
236,0.5002672129878107,-2.0598196869767857,-1.3186379223081877,-0.7582219937826586,-0.5448116995677182,-0.3348450568863338,-0.5162325335782033,1.5621383892086513,-0.31179331195129756,0.26602206531617995,-2.2848061149801855,-0.09598860896235581,-1.392441039280022
237,0.5097062170064487,0.4854793875029462,0.7583582900828203,1.1219636259351504,1.835496559257908,-0.3348450568863338,0.2774068459396476,5.325249794085892,-0.5581932806983393,0.26602206531617995,0.43767389864880185,-1.3107410051411352,-0.14234404501820655
238,0.5191452210250866,0.4854793875029462,0.7583582900828203,1.1219636259351504,1.835496559257908,-0.3348450568863338,-0.46749671351017497,-0.19715480178559833,-0.47605995778265875,0.26602206531617995,0.43767389864880185,-0.09598860896235581,0.2542745146125528
239,0.5285842250437246,0.4854793875029462,-1.3186379223081877,-0.7582219937826586,-0.5448116995677182,-0.3348450568863338,-0.09637038495866196,-0.6733351095163024,-1.1495532056912396,2.1244630165415233,0.43767389864880185,1.1187637872164238,0.25805795348346766
240,0.5380232290623626,0.4854793875029462,-1.3186379223081877,-0.7582219937826586,1.835496559257908,-0.3348450568863338,-0.1960850963112388,-0.6733351095163024,-0.508913286948931,0.26602206531617995,0.43767389864880185,1.1187637872164238,0.10643080730060403
241,0.5474622330810004,0.4854793875029462,0.7583582900828203,-0.7582219937826586,-0.5448116995677182,-0.3348450568863338,-0.18731672701029647,-0.022555355617673505,-0.508913286948931,0.26602206531617995,-2.2848061149801855,-0.09598860896235581,-1.0925201302161804
242,0.5569012370996383,0.4854793875029462,0.7583582900828203,-0.7582219937826586,-0.5448116995677182,-0.3348450568863338,-0.2641928950673956,-0.3181303394252907,-0.508913286948931,0.26602206531617995,0.43767389864880185,-0.09598860896235581,0.3906273711426786
243,0.5663402411182763,0.4854793875029462,0.7583582900828203,-0.7582219937826586,-0.5448116995677182,-0.3348450568863338,-0.46219490881658193,0.057666011540562216,-0.18037999528620863,0.26602206531617995,-2.2848061149801855,-1.3107410051411352,-1.1537211791156585
244,0.5757792451369143,-2.0598196869767857,-1.3186379223081877,-0.7582219937826586,1.835496559257908,-0.3348450568863338,-0.5502864329562818,-0.6733351095163024,-1.182406534857512,0.26602206531617995,0.43767389864880185,-0.09598860896235581,0.12787755559172453
245,0.5852182491555522,0.4854793875029462,0.7583582900828203,-0.7582219937826586,-0.5448116995677182,-0.3348450568863338,-0.33026153817217047,0.6758424290540258,0.23028661929219432,-2.521639361521835,-2.2848061149801855,-0.09598860896235581,-1.1431220760879026
246,0.5946572531741902,0.4854793875029462,0.7583582900828203,1.1219636259351504,-0.5448116995677182,2.986455912770004,0.039641296988513416,0.2558599774609093,0.23028661929219432,0.26602206531617995,0.43767389864880185,1.1187637872164238,0.3678175506769753
247,0.6040962571928281,0.4854793875029462,0.7583582900828203,-0.7582219937826586,-0.5448116995677182,-0.3348450568863338,1.0592191226794831,-0.6733351095163024,-0.18037999528620863,0.26602206531617995,0.43767389864880185,1.1187637872164238,0.4516587563662137
248,0.6135352612114661,0.4854793875029462,0.7583582900828203,-0.7582219937826586,1.835496559257908,2.986455912770004,-0.1758974553625576,-0.6733351095163024,-1.182406534857512,0.26602206531617995,0.43767389864880185,-0.09598860896235581,0.30449755329157874
249,0.6229742652301039,0.4854793875029462,-1.3186379223081877,-0.7582219937826586,-0.5448116995677182,-0.3348450568863338,-0.38348350067323905,-0.6733351095163024,-1.5766464848527786,-2.521639361521835,0.43767389864880185,-1.3107410051411352,0.264036909728354
250,0.6324132692487419,0.4854793875029462,0.7583582900828203,2.0620564357940547,-0.5448116995677182,-0.3348450568863338,-0.3188422665244316,-0.4858659253016018,0.09887330262710539,2.1244630165415233,-2.2848061149801855,1.1187637872164238,-1.0488949158068681
251,0.6418522732673798,0.4854793875029462,0.7583582900828203,-0.7582219937826586,-0.5448116995677182,-0.3348450568863338,-0.1922107005736131,-0.6733351095163024,-1.0838465473586951,-0.6631984102964917,0.43767389864880185,-0.09598860896235581,0.45948770848143466
252,0.6512912772860178,-2.0598196869767857,-1.3186379223081877,0.1818708160762458,-0.5448116995677182,-0.3348450568863338,-0.1585646323258111,-0.6733351095163024,-0.0818200077873919,0.26602206531617995,0.43767389864880185,-0.09598860896235581,0.2296826333417783
253,0.6607302813046557,0.4854793875029462,0.7583582900828203,1.1219636259351504,-0.5448116995677182,-0.3348450568863338,-0.1622351124982986,-0.23361905958479637,-0.2625133182018892,0.26602206531617995,0.43767389864880185,1.1187637872164238,0.4327851452871276
254,0.6701692853232937,-2.0598196869767857,0.7583582900828203,0.1818708160762458,-0.5448116995677182,-0.3348450568863338,-0.22157454195351306,0.00661605062168494,-0.3610733057007059,0.26602206531617995,0.43767389864880185,1.1187637872164238,0.4384862873210195
255,0.6796082893419316,0.4854793875029462,-1.3186379223081877,-0.7582219937826586,-0.5448116995677182,-0.3348450568863338,-0.39714584353749804,-0.6733351095163024,-0.21323332445248086,0.26602206531617995,-2.2848061149801855,-1.3107410051411352,-1.301229622809078
256,0.6890472933605696,-2.0598196869767857,0.7583582900828203,-0.7582219937826586,-0.5448116995677182,-0.3348450568863338,-0.19832816752775895,-0.6733351095163024,-0.7224599265297005,0.26602206531617995,0.43767389864880185,-1.3107410051411352,0.42123348200636124
257,0.6984862973792074,0.4854793875029462,0.7583582900828203,-0.7582219937826586,-0.5448116995677182,-0.3348450568863338,-0.30028595009685594,1.1661794486361832,0.3945532651235555,0.26602206531617995,0.43767389864880185,1.1187637872164238,0.28646464489795
258,0.7079253013978454,0.4854793875029462,0.7583582900828203,-0.7582219937826586,-0.5448116995677182,-0.3348450568863338,-0.36676242433190714,0.9246573646250241,0.24671328387533045,0.26602206531617995,0.43767389864880185,-1.3107410051411352,0.2365744256285915
259,0.7173643054164833,-2.0598196869767857,-1.3186379223081877,0.1818708160762458,-0.5448116995677182,-0.3348450568863338,-0.6026927331967976,1.2927318727628117,-0.9031532369441978,0.26602206531617995,0.43767389864880185,-1.3107410051411352,0.09979116687489234
260,0.7268033094351213,0.4854793875029462,0.7583582900828203,2.0620564357940547,1.835496559257908,-0.3348450568863338,-0.4106042708366189,0.45019302196722366,0.5752465755380528,0.26602206531617995,0.43767389864880185,-0.09598860896235581,0.17528617597321966
261,0.7362423134537592,0.4854793875029462,0.7583582900828203,-0.7582219937826586,-0.5448116995677182,-0.3348450568863338,-0.371860313460362,-0.008398643766220142,-0.42677996403325036,0.26602206531617995,0.43767389864880185,-0.09598860896235581,0.37149753295158533
262,0.7456813174723972,0.4854793875029462,-1.3186379223081877,-0.7582219937826586,-0.5448116995677182,-0.3348450568863338,-0.28315704262524766,-0.35673955356561804,-0.5910466098646115,0.26602206531617995,0.43767389864880185,-1.3107410051411352,0.16433909328420426
263,0.7551203214910351,0.4854793875029462,0.7583582900828203,0.1818708160762458,-0.5448116995677182,-0.3348450568863338,2.861832718501118,-0.6733351095163024,1.6101264442756282,0.26602206531617995,0.43767389864880185,-1.3107410051411352,0.3232447133067498
264,0.7645593255096731,0.4854793875029462,0.7583582900828203,1.1219636259351504,-0.5448116995677182,-0.3348450568863338,-0.3692094111135655,-0.19286488910333974,0.7887932151188224,0.26602206531617995,0.43767389864880185,-1.3107410051411352,0.3049827078954122
265,0.7739983295283109,0.4854793875029462,-1.3186379223081877,-0.7582219937826586,-0.5448116995677182,-0.3348450568863338,-0.2501227210728602,0.7457680057748408,0.03316664429456092,0.26602206531617995,0.43767389864880185,-0.09598860896235581,0.09639850892123249
266,0.7834373335469489,-2.0598196869767857,0.7583582900828203,0.1818708160762458,1.835496559257908,-0.3348450568863338,-0.19792033639748255,-0.07274733400009907,-0.39392663486697815,2.1244630165415233,-2.2848061149801855,1.1187637872164238,-1.1773264957512164
267,0.7928763375655868,-2.0598196869767857,-1.3186379223081877,0.1818708160762458,1.835496559257908,-0.3348450568863338,-0.19404594065985686,0.8603086743911453,-0.31179331195129756,0.26602206531617995,0.43767389864880185,-1.3107410051411352,-0.03449948915696804
268,0.8023153415842248,0.4854793875029462,0.7583582900828203,1.1219636259351504,-0.5448116995677182,-0.3348450568863338,0.20950296274862898,-0.35159165834690775,-1.4288065036045536,0.26602206531617995,-2.2848061149801855,-1.3107410051411352,-1.0269826561290087
269,0.8117543456028627,0.4854793875029462,-1.3186379223081877,-0.7582219937826586,-0.5448116995677182,-0.3348450568863338,-0.264600726197672,-0.6733351095163024,-0.6074732744477477,0.26602206531617995,0.43767389864880185,-1.3107410051411352,0.18937987083329008
270,0.8211933496215007,-2.0598196869767857,0.7583582900828203,2.0620564357940547,1.835496559257908,-0.3348450568863338,-0.6465345797015093,0.37511955002769826,-0.6074732744477477,0.26602206531617995,0.43767389864880185,1.1187637872164238,0.3046556390197772
271,0.8306323536401387,-2.0598196869767857,-1.3186379223081877,-0.7582219937826586,-0.5448116995677182,2.986455912770004,-0.30028595009685594,1.0065946968561634,1.2487398234466336,0.26602206531617995,0.43767389864880185,-1.3107410051411352,0.0018022986186817865
272,0.8400713576587765,0.4854793875029462,-1.3186379223081877,0.1818708160762458,-0.5448116995677182,-0.3348450568863338,4.076557740029339,-0.6733351095163024,1.708686431774445,0.26602206531617995,0.43767389864880185,-0.09598860896235581,0.1685374937384257
273,0.8495103616774144,0.4854793875029462,0.7583582900828203,1.1219636259351504,-0.5448116995677182,-0.3348450568863338,0.1756529789356888,-0.4845789514969242,-0.09824667237052803,0.26602206531617995,-2.2848061149801855,-0.09598860896235581,-1.047587254251314
274,0.8589493656960524,-2.0598196869767857,-1.3186379223081877,-0.7582219937826586,-0.5448116995677182,-0.3348450568863338,-0.26623205071877754,-0.6733351095163024,-0.6896065973634282,0.26602206531617995,-2.2848061149801855,-0.09598860896235581,-1.2052459063701841
275,0.8683883697146904,0.4854793875029462,0.7583582900828203,2.0620564357940547,-0.5448116995677182,-0.3348450568863338,-0.41447866657424454,-0.031135180982190695,-0.4596332931995226,0.26602206531617995,0.43767389864880185,-0.09598860896235581,0.4071168710928393
276,0.8778273737333283,0.4854793875029462,0.7583582900828203,-0.7582219937826586,-0.5448116995677182,-0.3348450568863338,0.34551464469580434,-0.6733351095163024,0.13172663179337762,0.26602206531617995,0.43767389864880185,1.1187637872164238,0.43849647505447437
277,0.8872663777519663,-2.0598196869767857,-1.3186379223081877,-0.7582219937826586,-0.5448116995677182,-0.3348450568863338,0.19645236657978457,-0.6733351095163024,-0.42677996403325036,-2.521639361521835,0.43767389864880185,-0.09598860896235581,0.2858219223162974
278,0.8967053817706042,0.4854793875029462,0.7583582900828203,2.0620564357940547,1.835496559257908,-0.3348450568863338,-0.23890736499025955,-0.2829530554307702,0.6573798984537333,0.26602206531617995,-2.2848061149801855,-0.09598860896235581,-1.2344096197705936
279,0.9061443857892422,0.4854793875029462,-1.3186379223081877,-0.7582219937826586,-0.5448116995677182,-0.3348450568863338,4.967668759683247,-0.6733351095163024,0.8052198797019584,0.26602206531617995,0.43767389864880185,-0.09598860896235581,0.21823657579640462
280,0.91558338980788,0.4854793875029462,-1.3186379223081877,-0.7582219937826586,-0.5448116995677182,-0.3348450568863338,-0.5382554146131283,0.20909992922429063,-0.22965998903561696,0.26602206531617995,0.43767389864880185,-0.09598860896235581,0.1483049879946931
281,0.925022393826518,0.4854793875029462,0.7583582900828203,-0.7582219937826586,-0.5448116995677182,-0.3348450568863338,0.039641296988513416,-0.6733351095163024,-0.1639533307030725,0.26602206531617995,0.43767389864880185,-1.3107410051411352,0.3785968207904839
282,0.9344613978451559,-2.0598196869767857,-1.3186379223081877,-0.7582219937826586,-0.5448116995677182,-0.3348450568863338,0.14771654651175622,-0.6733351095163024,-0.016113349454847437,0.26602206531617995,0.43767389864880185,1.1187637872164238,0.2686503315452563
283,0.9439004018637939,0.4854793875029462,-1.3186379223081877,-0.7582219937826586,1.835496559257908,-0.3348450568863338,0.8553035575412893,-0.6733351095163024,-0.22965998903561696,0.26602206531617995,0.43767389864880185,-1.3107410051411352,0.047269274378341865
284,0.9533394058824318,-2.0598196869767857,0.7583582900828203,1.1219636259351504,-0.5448116995677182,-0.3348450568863338,1.0592191226794831,4.331277025606575,5.322552640064392,0.26602206531617995,0.43767389864880185,1.1187637872164238,-0.10710004228252584
285,0.9627784099010698,0.4854793875029462,0.7583582900828203,0.1818708160762458,-0.5448116995677182,-0.3348450568863338,0.8043246662567408,-0.6733351095163024,2.6450063130132038,0.26602206531617995,0.43767389864880185,1.1187637872164238,0.32846635548943937
286,0.9722174139197077,0.4854793875029462,0.7583582900828203,-0.7582219937826586,1.835496559257908,-0.3348450568863338,-0.540090654699372,0.4978110527402941,0.06601997346083315,0.26602206531617995,0.43767389864880185,-1.3107410051411352,0.14204865357311144
287,0.9816564179383457,0.4854793875029462,-1.3186379223081877,-0.7582219937826586,-0.5448116995677182,-0.3348450568863338,-0.577815034249938,1.1914899334615088,-0.4924866223657949,0.26602206531617995,0.43767389864880185,-1.3107410051411352,0.06097604430563295
288,0.9910954219569835,0.4854793875029462,-1.3186379223081877,-0.7582219937826586,-0.5448116995677182,-0.3348450568863338,0.036174732381164115,-0.6733351095163024,0.08244663804396928,0.26602206531617995,0.43767389864880185,1.1187637872164238,0.23821868019958536
289,1.0005344259756215,0.4854793875029462,0.7583582900828203,0.1818708160762458,-0.5448116995677182,-0.3348450568863338,0.7192918755941139,1.0426299633871354,-0.18037999528620863,0.26602206531617995,0.43767389864880185,1.1187637872164238,0.3571073843451885
290,1.0099734299942595,0.4854793875029462,0.7583582900828203,-0.7582219937826586,-0.5448116995677182,-0.3348450568863338,-0.23217815134069913,0.18464742693541664,0.5588199109549167,0.26602206531617995,0.43767389864880185,-0.09598860896235581,0.3208780412203114
291,1.0194124340128974,0.4854793875029462,0.7583582900828203,1.1219636259351504,-0.5448116995677182,-0.3348450568863338,-0.33433984947493434,0.5419971533675576,0.14815329637651375,0.26602206531617995,0.43767389864880185,1.1187637872164238,0.3719534169596837
292,1.0288514380315352,0.4854793875029462,-1.3186379223081877,-0.7582219937826586,1.835496559257908,-0.3348450568863338,-0.312928715135424,-0.6733351095163024,-0.7553132556959727,0.26602206531617995,0.43767389864880185,-1.3107410051411352,0.06395406568291143
293,1.0382904420501733,-2.0598196869767857,0.7583582900828203,-0.7582219937826586,-0.5448116995677182,-0.3348450568863338,-0.5229617472277638,0.18464742693541664,-0.788166584862245,0.26602206531617995,-2.2848061149801855,1.1187637872164238,-1.0134563309301987
294,1.0477294460688111,0.4854793875029462,0.7583582900828203,0.1818708160762458,1.835496559257908,-0.3348450568863338,-0.6145198359748129,0.42702749348302727,-0.13110000153680026,0.26602206531617995,0.43767389864880185,1.1187637872164238,0.2415353411153784
295,1.0571684500874492,-2.0598196869767857,0.7583582900828203,-0.7582219937826586,-0.5448116995677182,-0.3348450568863338,-0.4362976320440313,-0.6733351095163024,-0.8538732431947894,2.1244630165415233,0.43767389864880185,-0.09598860896235581,0.45373036120687715
296,1.066607454106087,0.4854793875029462,-1.3186379223081877,-0.7582219937826586,-0.5448116995677182,-0.3348450568863338,0.3410285022627641,-0.6733351095163024,-0.4596332931995226,0.26602206531617995,0.43767389864880185,-0.09598860896235581,0.23569141362495888
297,1.076046458124725,0.4854793875029462,-1.3186379223081877,-0.7582219937826586,1.835496559257908,-0.3348450568863338,-0.2034260566562138,-0.6733351095163024,-0.8702999077779255,0.26602206531617995,0.43767389864880185,-1.3107410051411352,0.07295794862496063
298,1.085485462143363,-2.0598196869767857,0.7583582900828203,1.1219636259351504,1.835496559257908,-0.3348450568863338,-0.21953538630213112,-0.6733351095163024,-0.31179331195129756,0.26602206531617995,0.43767389864880185,-0.09598860896235581,0.3299362127693113
299,1.0949244661620008,0.4854793875029462,0.7583582900828203,1.1219636259351504,-0.5448116995677182,-0.3348450568863338,-0.13980440033309727,-0.6733351095163024,-0.13110000153680026,0.26602206531617995,0.43767389864880185,-1.3107410051411352,0.4000658613634456
300,1.1043634701806389,0.4854793875029462,0.7583582900828203,0.1818708160762458,-0.5448116995677182,2.986455912770004,0.5494302098339984,-0.6733351095163024,-1.0017132244430145,0.26602206531617995,0.43767389864880185,1.1187637872164238,0.5102459157769463
301,1.1138024741992767,0.4854793875029462,0.7583582900828203,0.1818708160762458,-0.5448116995677182,-0.3348450568863338,0.3047315316681656,-0.6733351095163024,-0.18037999528620863,0.26602206531617995,-2.2848061149801855,1.1187637872164238,-0.9911660138942633
302,1.1232414782179148,-2.0598196869767857,-1.3186379223081877,-0.7582219937826586,-0.5448116995677182,2.986455912770004,2.0761460460236565,-0.6733351095163024,0.6738065630368695,0.26602206531617995,0.43767389864880185,-1.3107410051411352,0.1834472503084278
303,1.1326804822365526,0.4854793875029462,0.7583582900828203,0.1818708160762458,1.835496559257908,2.986455912770004,-0.8637046565736859,0.23827133546364906,-1.1166998765249674,0.26602206531617995,0.43767389864880185,-1.3107410051411352,0.2250797450339428
304,1.1421194862551907,0.4854793875029462,0.7583582900828203,-0.7582219937826586,-0.5448116995677182,-0.3348450568863338,-0.4497560593431521,-0.3730412217582007,-0.6567532681971561,0.26602206531617995,0.43767389864880185,-0.09598860896235581,0.4231323306767476
305,1.1515584902738285,0.4854793875029462,-1.3186379223081877,1.1219636259351504,1.835496559257908,-0.3348450568863338,-0.42263528917977233,-0.20873756602769653,0.7230865567862779,0.26602206531617995,0.43767389864880185,-0.09598860896235581,0.01609029790672325
306,1.1609974942924666,0.4854793875029462,0.7583582900828203,1.1219636259351504,-0.5448116995677182,2.986455912770004,0.5494302098339984,-0.6733351095163024,0.7723665505356863,0.26602206531617995,0.43767389864880185,-1.3107410051411352,0.35810625992456097
307,1.1704364983111044,0.4854793875029462,0.7583582900828203,1.1219636259351504,1.835496559257908,-0.3348450568863338,-0.1930263628341659,-0.6733351095163024,-0.2460866536187531,0.26602206531617995,0.43767389864880185,-1.3107410051411352,0.2672459690873584
308,1.1798755023297423,0.4854793875029462,0.7583582900828203,0.1818708160762458,-0.5448116995677182,-0.3348450568863338,0.4117872033657174,-0.6733351095163024,0.42740659428982775,0.26602206531617995,0.43767389864880185,-1.3107410051411352,0.37219135539195725
309,1.1893145063483803,0.4854793875029462,0.7583582900828203,-0.7582219937826586,-0.5448116995677182,-0.3348450568863338,-0.22381761317003318,1.3429238511452373,-0.06539334320425579,0.26602206531617995,0.43767389864880185,-0.09598860896235581,0.2818248275288722
310,1.1987535103670182,0.4854793875029462,-1.3186379223081877,-0.7582219937826586,-0.5448116995677182,-0.3348450568863338,0.10367078444190632,-0.6733351095163024,0.181006625542786,0.26602206531617995,0.43767389864880185,1.1187637872164238,0.24228954146889192
311,1.2081925143856562,-2.0598196869767857,-1.3186379223081877,2.0620564357940547,-0.5448116995677182,-0.3348450568863338,-0.4974723015854895,1.5883068565704288,0.2795666130416027,0.26602206531617995,-2.2848061149801855,-1.3107410051411352,-1.4048000900286912
312,1.217631518404294,0.4854793875029462,-1.3186379223081877,-0.7582219937826586,-0.5448116995677182,-0.3348450568863338,-0.5586469711269477,0.23097848390380946,-0.5253399515320671,-4.0083921225021095,0.43767389864880185,1.1187637872164238,0.26290478427833164
313,1.2270705224229321,0.4854793875029462,0.7583582900828203,1.1219636259351504,-0.5448116995677182,-0.3348450568863338,0.039641296988513416,-0.6733351095163024,0.21385995470905822,0.26602206531617995,0.43767389864880185,-1.3107410051411352,0.38986426089192694
314,1.23650952644157,-2.0598196869767857,-1.3186379223081877,-0.7582219937826586,-0.5448116995677182,-0.3348450568863338,-0.21178659482687975,-0.6733351095163024,-0.03254001403798355,-0.6631984102964917,0.43767389864880185,1.1187637872164238,0.28884447617369063
315,1.2459485304602078,-2.0598196869767857,0.7583582900828203,-0.7582219937826586,-0.5448116995677182,-0.3348450568863338,0.6226358977186099,-0.29625178474577185,0.4766865880392361,-2.521639361521835,0.43767389864880185,-0.09598860896235581,0.43742847312260524
316,1.2553875344788459,-2.0598196869767857,0.7583582900828203,-0.7582219937826586,-0.5448116995677182,-0.3348450568863338,-0.10656616321557166,-0.6733351095163024,-0.2625133182018892,0.26602206531617995,0.43767389864880185,-1.3107410051411352,0.4215420365244677
317,1.2648265384974837,0.4854793875029462,0.7583582900828203,-0.7582219937826586,1.835496559257908,-0.3348450568863338,-0.6332800679675267,0.5707395683386902,-1.1331265411081035,0.26602206531617995,-2.2848061149801855,1.1187637872164238,-1.1816135807254928
318,1.2742655425161218,0.4854793875029462,-1.3186379223081877,-0.7582219937826586,1.835496559257908,-0.3348450568863338,-0.007667114123547585,-0.6733351095163024,-0.18037999528620863,0.26602206531617995,0.43767389864880185,-1.3107410051411352,0.048029905857373996
319,1.2837045465347596,0.4854793875029462,-1.3186379223081877,-0.7582219937826586,-0.5448116995677182,-0.3348450568863338,-0.3512648413814044,0.5012429828861009,-0.2625133182018892,0.26602206531617995,0.43767389864880185,1.1187637872164238,0.18382098591718085
320,1.2931435505533977,0.4854793875029462,0.7583582900828203,0.1818708160762458,-0.5448116995677182,-0.3348450568863338,-0.4360937164788931,-0.011830573912027019,0.1974332901259221,0.26602206531617995,0.43767389864880185,-1.3107410051411352,0.33405019735750907
321,1.3025825545720355,-2.0598196869767857,0.7583582900828203,-0.7582219937826586,1.835496559257908,-0.3348450568863338,-0.644087592919851,0.08254750509766207,0.739513221369414,0.26602206531617995,0.43767389864880185,1.1187637872164238,0.24749419355702937
322,1.3120215585906736,0.4854793875029462,0.7583582900828203,2.0620564357940547,-0.5448116995677182,-0.3348450568863338,-0.28662360723259694,-0.6733351095163024,-0.9195799015273339,-3.450859837134507,0.43767389864880185,1.1187637872164238,0.5753786782177356
323,1.3214605626093114,0.4854793875029462,-1.3186379223081877,0.1818708160762458,-0.5448116995677182,-0.3348450568863338,2.2827125135086472,1.471621231612995,-1.5766464848527786,0.26602206531617995,0.43767389864880185,-0.09598860896235581,0.18971294246613046
324,1.3308995666279493,0.4854793875029462,0.7583582900828203,-0.7582219937826586,-0.5448116995677182,-0.3348450568863338,0.107545180179532,-0.6733351095163024,-0.7553132556959727,0.26602206531617995,0.43767389864880185,-1.3107410051411352,0.42572079769719
325,1.3403385706465873,0.4854793875029462,-1.3186379223081877,-0.7582219937826586,-0.5448116995677182,-0.3348450568863338,-0.39367927893014876,0.3631077945173742,-0.6731799327802922,-5.216378740798583,-2.2848061149801855,-0.09598860896235581,-1.2172073121012783
326,1.3497775746652252,0.4854793875029462,0.7583582900828203,0.1818708160762458,1.835496559257908,-0.3348450568863338,-0.4497560593431521,-0.4082185057527212,-0.22965998903561696,0.26602206531617995,0.43767389864880185,-0.09598860896235581,0.2801998428581067
327,1.3592165786838633,0.4854793875029462,0.7583582900828203,1.1219636259351504,-0.5448116995677182,-0.3348450568863338,0.04800183515917937,-0.3730412217582007,0.23028661929219432,0.26602206531617995,0.43767389864880185,1.1187637872164238,0.44747596882839774
328,1.368655582702501,0.4854793875029462,0.7583582900828203,2.0620564357940547,-0.5448116995677182,2.986455912770004,0.4389079735290972,-0.06802843004961462,0.23028661929219432,0.26602206531617995,0.43767389864880185,-1.3107410051411352,0.36112536103879955
329,1.3780945867211392,0.4854793875029462,0.7583582900828203,0.1818708160762458,-0.5448116995677182,-0.3348450568863338,-0.26623205071877754,0.03793241320217268,-0.5253399515320671,0.26602206531617995,0.43767389864880185,-0.09598860896235581,0.40949741545780066
330,1.387533590739777,0.4854793875029462,0.7583582900828203,-0.7582219937826586,-0.5448116995677182,-0.3348450568863338,0.14343431964385414,-0.6733351095163024,0.11529996721024151,0.26602206531617995,0.43767389864880185,-1.3107410051411352,0.3840867100844861
331,1.3969725947584148,0.4854793875029462,0.7583582900828203,2.0620564357940547,-0.5448116995677182,-0.3348450568863338,0.9978405375728868,-0.6733351095163024,2.694286306762612,0.26602206531617995,0.43767389864880185,1.1187637872164238,0.36397512767400625
332,1.406411598777053,-2.0598196869767857,0.7583582900828203,0.1818708160762458,1.835496559257908,-0.3348450568863338,-0.24155826733705607,0.49223416625335786,0.5752465755380528,0.26602206531617995,0.43767389864880185,1.1187637872164238,0.24623359247346638
333,1.4158506027956907,-2.0598196869767857,0.7583582900828203,-0.7582219937826586,-0.5448116995677182,-0.3348450568863338,-0.01969813246670103,-0.6733351095163024,-0.377499970283842,0.26602206531617995,0.43767389864880185,-0.09598860896235581,0.471472959563733
334,1.4252896068143288,0.4854793875029462,0.7583582900828203,-0.7582219937826586,-0.5448116995677182,-0.3348450568863338,-0.6708005319529544,0.1636268547923495,-1.6587798077684592,0.26602206531617995,0.43767389864880185,-0.09598860896235581,0.44673196801002746
335,1.4347286108329667,0.4854793875029462,-1.3186379223081877,1.1219636259351504,-0.5448116995677182,-0.3348450568863338,-0.4905391723707909,-0.6733351095163024,-1.478086497353962,0.26602206531617995,0.43767389864880185,1.1187637872164238,0.34773987297591236
336,1.4441676148516047,-2.0598196869767857,-1.3186379223081877,-0.7582219937826586,1.835496559257908,-0.3348450568863338,-0.3651310998108016,0.18464742693541664,0.14815329637651375,0.26602206531617995,0.43767389864880185,1.1187637872164238,0.07584032283603914
337,1.4536066188702426,0.4854793875029462,0.7583582900828203,-0.7582219937826586,-0.5448116995677182,-0.3348450568863338,-0.5125620534057158,-0.004966713620413267,-0.2789399827850253,0.26602206531617995,0.43767389864880185,1.1187637872164238,0.427479279638735
338,1.4630456228888804,0.4854793875029462,0.7583582900828203,0.1818708160762458,-0.5448116995677182,2.986455912770004,-0.49869579497631866,0.7659305953814562,-0.8045932494453811,-1.5924188859091635,0.43767389864880185,-1.3107410051411352,0.35495807466374346
339,1.4724846269075185,-2.0598196869767857,-1.3186379223081877,-0.7582219937826586,-0.5448116995677182,-0.3348450568863338,-0.09637038495866196,0.32750151925462784,0.42740659428982775,0.26602206531617995,-2.2848061149801855,-1.3107410051411352,-1.3397312359305549
340,1.4819236309261563,0.4854793875029462,0.7583582900828203,-0.7582219937826586,-0.5448116995677182,2.986455912770004,-0.44506600134497365,1.3991217072828248,-0.22965998903561696,-2.521639361521835,0.43767389864880185,-0.09598860896235581,0.32324090375378395
341,1.4913626349447944,0.4854793875029462,-1.3186379223081877,-0.7582219937826586,-0.5448116995677182,2.986455912770004,-0.16998390397354998,1.1606025621492468,0.8380732088682307,0.26602206531617995,0.43767389864880185,-1.3107410051411352,0.01386707591018347
342,1.5008016389634322,0.4854793875029462,0.7583582900828203,2.0620564357940547,1.835496559257908,-0.3348450568863338,-0.2617459082857373,-0.6733351095163024,-0.9031532369441978,-2.521639361521835,0.43767389864880185,-1.3107410051411352,0.35657438297307875
343,1.5102406429820703,0.4854793875029462,0.7583582900828203,0.1818708160762458,-0.5448116995677182,-0.3348450568863338,-0.021533372552944775,-0.6733351095163024,-0.9195799015273339,0.26602206531617995,0.43767389864880185,1.1187637872164238,0.5222871106515282
344,1.5196796470007081,0.4854793875029462,-1.3186379223081877,-0.7582219937826586,-0.5448116995677182,-0.3348450568863338,0.4185164170152778,-0.6733351095163024,0.6573798984537333,0.26602206531617995,0.43767389864880185,-1.3107410051411352,0.16120277357255997
345,1.5291186510193462,0.4854793875029462,0.7583582900828203,2.0620564357940547,-0.5448116995677182,-0.3348450568863338,0.7194957911592521,-0.6733351095163024,2.0372197234371674,0.26602206531617995,0.43767389864880185,1.1187637872164238,0.3994980311867637
346,1.538557655037984,0.4854793875029462,0.7583582900828203,-0.7582219937826586,-0.5448116995677182,-0.3348450568863338,-0.2884588473188407,0.17006172381573742,-0.048966678621119676,0.26602206531617995,-2.2848061149801855,-1.3107410051411352,-1.1270826629199984
347,1.5479966590566219,0.4854793875029462,-1.3186379223081877,-0.7582219937826586,1.835496559257908,-0.3348450568863338,-0.39510668788611614,-0.6733351095163024,-1.0838465473586951,0.26602206531617995,0.43767389864880185,1.1187637872164238,0.17381341979169965
348,1.55743566307526,0.4854793875029462,0.7583582900828203,1.1219636259351504,1.835496559257908,-0.3348450568863338,-0.28295312706010944,-0.08132715936461626,-0.016113349454847437,0.26602206531617995,0.43767389864880185,1.1187637872164238,0.3033835006393762
349,1.5668746670938978,0.4854793875029462,0.7583582900828203,-0.7582219937826586,-0.5448116995677182,2.986455912770004,-0.4701476158569715,-0.546353694121448,0.0167399797114248,-0.6631984102964917,0.43767389864880185,-1.3107410051411352,0.38549561126469567
350,1.5763136711125358,0.4854793875029462,0.7583582900828203,1.1219636259351504,-0.5448116995677182,-0.3348450568863338,0.7873996743502707,-0.6733351095163024,1.9386597359383506,0.26602206531617995,0.43767389864880185,-1.3107410051411352,0.3246688719968334
351,1.5857526751311737,0.4854793875029462,-1.3186379223081877,-0.7582219937826586,-0.5448116995677182,-0.3348450568863338,-0.5143972934919596,5.76153391387159,-0.4924866223657949,0.26602206531617995,0.43767389864880185,-1.3107410051411352,-0.22226093096514668
352,1.5951916791498117,0.4854793875029462,0.7583582900828203,-0.7582219937826586,-0.5448116995677182,-0.3348450568863338,0.20624031370641788,-0.2829530554307702,-0.4432066286163865,0.26602206531617995,0.43767389864880185,1.1187637872164238,0.4685374635664087
353,1.6046306831684496,0.4854793875029462,0.7583582900828203,-0.7582219937826586,-0.5448116995677182,-0.3348450568863338,0.0639072492399585,0.943532980426962,-0.2625133182018892,0.26602206531617995,0.43767389864880185,-1.3107410051411352,0.30206808965601717
354,1.6140696871870874,0.4854793875029462,0.7583582900828203,2.0620564357940547,1.835496559257908,-0.3348450568863338,0.1040786155721827,-0.5931137423580667,0.3616999359572833,-2.521639361521835,-2.2848061149801855,-0.09598860896235581,-1.1315360684538198
355,1.6235086912057255,0.4854793875029462,0.7583582900828203,2.0620564357940547,-0.5448116995677182,-0.3348450568863338,0.5704335130432323,-0.1529687011583348,1.0023398546995919,0.26602206531617995,0.43767389864880185,1.1187637872164238,0.41914513261469083
356,1.6329476952243633,0.4854793875029462,0.7583582900828203,0.1818708160762458,-0.5448116995677182,-0.3348450568863338,-0.2068926212635631,0.15719198576896162,-0.8374465786116533,0.26602206531617995,0.43767389864880185,1.1187637872164238,0.46488003174965437
357,1.6423866992430014,0.4854793875029462,-1.3186379223081877,-0.7582219937826586,-0.5448116995677182,-0.3348450568863338,-0.4701476158569715,-0.6733351095163024,-1.2481131931900562,0.26602206531617995,0.43767389864880185,1.1187637872164238,0.32616685794379063
358,1.6518257032616392,0.4854793875029462,0.7583582900828203,1.1219636259351504,1.835496559257908,-0.3348450568863338,-0.3412729786896329,-0.6733351095163024,-0.9852865598598783,0.26602206531617995,0.43767389864880185,-1.3107410051411352,0.32242424730678576
359,1.6612647072802773,0.4854793875029462,-1.3186379223081877,-0.7582219937826586,-0.5448116995677182,-0.3348450568863338,-0.16427426814968055,0.4707846028420649,0.26313994845846655,0.26602206531617995,0.43767389864880185,-0.09598860896235581,0.13972720674139782
360,1.6707037112989152,-2.0598196869767857,0.7583582900828203,-0.7582219937826586,-0.5448116995677182,-0.3348450568863338,0.763541553229102,1.1520227367847298,-0.6567532681971561,0.26602206531617995,0.43767389864880185,1.1187637872164238,0.4184944500487321
361,1.680142715317553,0.4854793875029462,0.7583582900828203,0.1818708160762458,-0.5448116995677182,-0.3348450568863338,-0.5172521114038943,0.25628896872913515,-0.6074732744477477,0.26602206531617995,0.43767389864880185,-0.09598860896235581,0.40814693302984956
362,1.689581719336191,0.4854793875029462,0.7583582900828203,2.0620564357940547,1.835496559257908,2.986455912770004,-0.1624390280634368,0.08898237412104996,-0.377499970283842,0.26602206531617995,0.43767389864880185,1.1187637872164238,0.31961362966562795
363,1.699020723354829,0.4854793875029462,0.7583582900828203,-0.7582219937826586,-0.5448116995677182,-0.3348450568863338,-0.1320556088578459,-0.369180300344168,-0.3446466411175698,0.26602206531617995,0.43767389864880185,1.1187637872164238,0.4695887270302582
364,1.708459727373467,0.4854793875029462,-1.3186379223081877,-0.7582219937826586,-0.5448116995677182,-0.3348450568863338,-0.317210942003326,0.18164448805783562,-0.1639533307030725,0.26602206531617995,0.43767389864880185,-0.09598860896235581,0.1810868675569367
365,1.7178987313921048,0.4854793875029462,0.7583582900828203,-0.7582219937826586,-0.5448116995677182,-0.3348450568863338,0.039641296988513416,0.35324099534817943,0.3616999359572833,0.26602206531617995,0.43767389864880185,-1.3107410051411352,0.31434942841345787
366,1.7273377354107429,0.4854793875029462,-1.3186379223081877,-0.7582219937826586,-0.5448116995677182,2.986455912770004,0.8960866705689281,-0.6733351095163024,-0.6238999390308838,-2.521639361521835,0.43767389864880185,-1.3107410051411352,0.2679222201546812
